150g_Weight, Weight
9516,150g
9466,150g
9497,150g
9411,150g
9455,150g
9572,150g
9485,150g
9462,150g
9492,150g
9501,150g
9497,150g
9396,150g
9410,150g
9444,150g
9436,150g
9461,150g
9511,150g
9466,150g
9458,150g
9576,150g
9530,150g
9532,150g
9477,150g
9523,150g
9555,150g
9468,150g
9399,150g
9344,150g
9500,150g
9516,150g
9503,150g
9400,150g
9401,150g
9384,150g
9502,150g
9577,150g
9442,150g
9524,150g
9506,150g
9498,150g
9510,150g
9561,150g
9571,150g
9522,150g
9536,150g
9596,150g
9560,150g
9514,150g
9492,150g
9504,150g
9523,150g
9484,150g
9458,150g
9443,150g
9379,150g
9465,150g
9437,150g
9465,150g
9482,150g
9527,150g
9601,150g
9514,150g
9337,150g
9440,150g
9506,150g
9489,150g
9452,150g
9424,150g
9536,150g
9474,150g
9371,150g
9467,150g
9497,150g
9404,150g
9499,150g
9506,150g
9542,150g
9581,150g
9534,150g
9474,150g
9552,150g
9570,150g
9511,150g
9528,150g
9538,150g
9507,150g
9491,150g
9585,150g
9621,150g
9628,150g
9642,150g
9616,150g
9652,150g
9603,150g
9650,150g
9592,150g
9621,150g
9652,150g
9615,150g
9585,150g
9626,150g
9658,150g
9585,150g
9568,150g
9607,150g
9565,150g
9567,150g
9579,150g
9689,150g
9601,150g
9563,150g
9619,150g
9634,150g
9625,150g
9614,150g
9678,150g
9644,150g
9549,150g
9541,150g
9602,150g
9668,150g
9727,150g
9702,150g
9673,150g
9671,150g
9775,150g
9610,150g
9738,150g
9759,150g
9692,150g
9678,150g
9587,150g
9654,150g
9762,150g
9666,150g
9671,150g
9755,150g
9764,150g
9696,150g
9688,150g
9674,150g
9633,150g
9789,150g
9722,150g
9719,150g
9711,150g
9774,150g
9863,150g
9700,150g
9660,150g
9754,150g
9780,150g
9765,150g
9809,150g
9697,150g
9629,150g
9665,150g
9665,150g
9756,150g
9772,150g
9779,150g
9796,150g
9822,150g
9759,150g
9713,150g
9794,150g
9759,150g
9718,150g
9739,150g
9752,150g
9767,150g
9757,150g
9752,150g
9803,150g
9748,150g
9714,150g
9771,150g
9769,150g
9692,150g
9793,150g
9738,150g
9735,150g
9700,150g
9734,150g
9743,150g
9731,150g
9719,150g
9724,150g
9690,150g
9636,150g
9656,150g
9719,150g
9673,150g
9741,150g
9688,150g
9667,150g
9660,150g
9690,150g
9609,150g
9629,150g
9696,150g
9613,150g
9605,150g
9730,150g
9755,150g
9591,150g
9620,150g
9637,150g
9582,150g
9605,150g
9571,150g
9574,150g
9645,150g
9532,150g
9684,150g
9725,150g
9788,150g
9790,150g
9624,150g
9574,150g
9551,150g
9626,150g
9700,150g
9671,150g
9596,150g
9538,150g
9543,150g
9543,150g
9718,150g
9692,150g
9671,150g
9572,150g
9487,150g
9577,150g
9525,150g
9641,150g
9579,150g
9516,150g
9566,150g
9642,150g
9658,150g
9595,150g
9509,150g
9649,150g
9670,150g
9594,150g
9531,150g
9472,150g
9402,150g
9541,150g
9642,150g
9618,150g
9605,150g
9541,150g
9472,150g
9503,150g
9592,150g
9523,150g
9461,150g
9549,150g
9592,150g
9574,150g
9541,150g
9487,150g
9530,150g
9547,150g
9488,150g
9481,150g
9502,150g
9571,150g
9506,150g
9448,150g
9454,150g
9548,150g
9446,150g
9324,150g
9498,150g
9509,150g
9546,150g
9571,150g
9549,150g
9519,150g
9538,150g
9590,150g
9675,150g
9503,150g
9561,150g
9551,150g
9624,150g
9635,150g
9662,150g
9575,150g
9468,150g
9437,150g
9539,150g
9584,150g
9483,150g
9484,150g
9587,150g
9571,150g
9491,150g
9465,150g
9471,150g
9493,150g
9556,150g
9515,150g
9490,150g
9583,150g
9516,150g
9528,150g
9572,150g
9494,150g
9406,150g
9547,150g
9430,150g
9438,150g
9449,150g
9461,150g
9463,150g
9363,150g
9348,150g
9335,150g
9375,150g
9278,150g
9349,150g
9361,150g
9441,150g
9434,150g
9439,150g
9515,150g
9472,150g
9390,150g
9400,150g
9431,150g
9355,150g
9279,150g
9336,150g
9423,150g
9418,150g
9337,150g
9294,150g
9319,150g
9390,150g
9438,150g
9400,150g
9430,150g
9294,150g
9344,150g
9345,150g
9484,150g
9560,150g
9490,150g
9455,150g
9349,150g
9260,150g
9249,150g
9328,150g
9379,150g
9374,150g
9392,150g
9378,150g
9389,150g
9416,150g
9349,150g
9372,150g
9349,150g
9420,150g
9320,150g
9254,150g
9309,150g
9348,150g
9369,150g
9399,150g
9419,150g
9442,150g
9267,150g
9220,150g
9293,150g
9319,150g
9351,150g
9481,150g
9482,150g
9317,150g
9205,150g
9247,150g
9270,150g
9312,150g
9313,150g
9213,150g
9230,150g
9306,150g
9321,150g
9279,150g
9313,150g
9218,150g
9159,150g
9199,150g
9239,150g
9302,150g
9279,150g
9123,150g
9176,150g
9212,150g
9271,150g
9214,150g
9186,150g
9206,150g
9388,150g
9259,150g
9222,150g
9330,150g
9375,150g
9384,150g
9404,150g
9354,150g
9359,150g
9367,150g
9331,150g
9348,150g
9325,150g
9302,150g
9330,150g
9231,150g
9251,150g
9230,150g
9281,150g
9402,150g
9361,150g
9358,150g
9334,150g
9259,150g
9160,150g
9278,150g
9423,150g
9430,150g
9513,150g
9523,150g
9421,150g
9357,150g
9394,150g
9321,150g
9380,150g
9416,150g
9442,150g
9402,150g
9417,150g
9361,150g
9326,150g
9339,150g
9512,150g
9516,150g
9509,150g
9318,150g
9374,150g
9499,150g
9537,150g
9524,150g
9558,150g
9532,150g
9473,150g
9487,150g
9492,150g
9467,150g
9547,150g
9515,150g
9445,150g
9402,150g
9437,150g
9438,150g
9592,150g
9555,150g
9507,150g
9571,150g
9530,150g
9357,150g
9464,150g
9480,150g
9275,150g
9359,150g
9373,150g
9375,150g
9446,150g
9472,150g
9501,150g
9442,150g
9430,150g
9485,150g
9490,150g
9365,150g
9473,150g
9546,150g
9479,150g
9451,150g
9487,150g
9508,150g
9459,150g
9510,150g
9406,150g
9500,150g
9504,150g
9548,150g
9574,150g
9508,150g
9441,150g
9407,150g
9395,150g
9404,150g
9356,150g
9440,150g
9566,150g
9609,150g
9564,150g
9615,150g
9384,150g
9428,150g
9526,150g
9546,150g
9565,150g
9560,150g
9451,150g
9483,150g
9484,150g
9375,150g
9365,150g
9494,150g
9433,150g
9462,150g
9265,150g
9414,150g
9475,150g
9447,150g
9523,150g
9576,150g
9575,150g
9407,150g
9419,150g
9457,150g
9334,150g
9317,150g
9373,150g
9536,150g
9442,150g
9485,150g
9559,150g
9514,150g
9450,150g
9434,150g
9460,150g
9454,150g
9540,150g
9629,150g
9558,150g
9639,150g
9631,150g
9536,150g
9467,150g
9472,150g
9530,150g
9596,150g
9583,150g
9526,150g
9558,150g
9426,150g
9394,150g
9547,150g
9523,150g
9516,150g
9479,150g
9467,150g
9453,150g
9531,150g
9673,150g
9700,150g
9585,150g
9533,150g
9629,150g
9508,150g
9537,150g
9577,150g
9493,150g
9457,150g
9437,150g
9490,150g
9444,150g
9372,150g
9420,150g
9595,150g
9556,150g
9555,150g
9526,150g
9506,150g
9536,150g
9517,150g
9568,150g
9616,150g
9510,150g
9503,150g
9482,150g
9500,150g
9570,150g
9570,150g
9543,150g
9517,150g
9486,150g
9440,150g
9460,150g
9475,150g
9547,150g
9502,150g
9506,150g
9536,150g
9586,150g
9647,150g
9620,150g
9619,150g
9639,150g
9477,150g
9433,150g
9535,150g
9495,150g
9417,150g
9599,150g
9609,150g
9558,150g
9500,150g
9553,150g
9603,150g
9571,150g
9524,150g
9591,150g
9532,150g
9517,150g
9589,150g
9601,150g
9462,150g
9428,150g
9495,150g
9584,150g
9606,150g
9502,150g
9408,150g
9552,150g
9576,150g
9597,150g
9564,150g
9502,150g
9562,150g
9645,150g
9555,150g
9506,150g
9523,150g
9522,150g
9554,150g
9635,150g
9643,150g
9537,150g
9408,150g
9566,150g
9691,150g
9577,150g
9579,150g
9444,150g
9439,150g
9525,150g
9521,150g
9578,150g
9540,150g
9475,150g
9441,150g
9547,150g
9549,150g
9480,150g
9550,150g
9590,150g
9501,150g
9405,150g
9377,150g
9357,150g
9502,150g
9549,150g
9462,150g
9471,150g
9505,150g
9455,150g
9536,150g
9512,150g
9407,150g
9390,150g
9433,150g
9439,150g
9456,150g
9488,150g
9477,150g
9556,150g
9565,150g
9587,150g
9626,150g
9598,150g
9604,150g
9582,150g
9545,150g
9508,150g
9515,150g
9533,150g
9547,150g
9532,150g
9536,150g
9372,150g
9334,150g
9408,150g
9524,150g
9459,150g
9348,150g
9534,150g
9588,150g
9540,150g
9525,150g
9660,150g
9630,150g
9668,150g
9549,150g
9576,150g
9580,150g
9587,150g
9504,150g
9546,150g
9572,150g
9466,150g
9606,150g
9681,150g
9699,150g
9679,150g
9649,150g
9666,150g
9648,150g
9737,150g
9607,150g
9537,150g
9565,150g
9655,150g
9642,150g
9730,150g
9846,150g
9747,150g
9733,150g
9744,150g
9763,150g
9712,150g
9671,150g
9623,150g
9681,150g
9684,150g
9642,150g
9699,150g
9684,150g
9650,150g
9724,150g
9773,150g
9739,150g
9644,150g
9649,150g
9698,150g
9734,150g
9692,150g
9622,150g
9667,150g
9582,150g
9559,150g
9728,150g
9736,150g
9706,150g
9686,150g
9699,150g
9754,150g
9642,150g
9585,150g
9612,150g
9501,150g
9586,150g
9614,150g
9484,150g
9511,150g
9644,150g
9710,150g
9596,150g
9578,150g
9537,150g
9540,150g
9588,150g
9530,150g
9495,150g
9504,150g
9542,150g
9725,150g
9581,150g
9642,150g
9625,150g
9702,150g
9710,150g
9631,150g
9589,150g
9536,150g
9505,150g
9655,150g
9705,150g
9695,150g
9647,150g
9658,150g
9583,150g
9513,150g
9497,150g
9584,150g
9614,150g
9535,150g
9510,150g
9536,150g
9566,150g
9643,150g
9580,150g
9591,150g
9509,150g
9333,150g
9349,150g
9473,150g
9527,150g
9436,150g
9538,150g
9556,150g
9551,150g
9518,150g
9362,150g
9435,150g
9392,150g
9524,150g
9447,150g
9488,150g
9460,150g
9480,150g
9459,150g
9315,150g
9387,150g
9517,150g
9529,150g
9530,150g
9444,150g
9391,150g
9426,150g
9338,150g
9364,150g
9538,150g
9443,150g
9439,150g
9420,150g
9423,150g
9432,150g
9394,150g
9401,150g
9437,150g
9402,150g
9357,150g
9258,150g
9364,150g
9410,150g
9400,150g
9423,150g
9387,150g
9274,150g
9311,150g
9236,150g
9330,150g
9443,150g
9450,150g
9354,150g
9210,150g
9249,150g
9214,150g
9266,150g
9241,150g
9235,150g
9264,150g
9326,150g
9290,150g
9229,150g
9332,150g
9282,150g
9291,150g
9268,150g
9210,150g
9193,150g
9243,150g
9281,150g
9276,150g
9153,150g
9174,150g
9316,150g
9244,150g
9268,150g
9207,150g
9157,150g
9330,150g
9348,150g
9315,150g
9233,150g
9294,150g
9260,150g
9240,150g
9206,150g
9276,150g
9237,150g
9298,150g
9180,150g
9222,150g
9247,150g
9127,150g
9096,150g
9208,150g
9219,150g
9189,150g
9165,150g
9203,150g
9270,150g
9326,150g
9219,150g
9126,150g
9200,150g
9335,150g
9208,150g
9098,150g
9075,150g
9096,150g
9202,150g
9197,150g
9168,150g
9194,150g
9328,150g
9107,150g
9038,150g
9052,150g
9203,150g
9208,150g
9167,150g
9227,150g
9148,150g
9122,150g
9123,150g
9193,150g
9206,150g
9218,150g
9198,150g
9179,150g
9213,150g
9153,150g
9245,150g
9382,150g
9275,150g
9276,150g
9240,150g
9235,150g
9353,150g
9264,150g
9210,150g
9279,150g
9255,150g
9182,150g
9178,150g
9344,150g
9251,150g
9241,150g
9368,150g
9295,150g
9172,150g
9175,150g
9161,150g
9181,150g
9292,150g
9332,150g
9294,150g
9225,150g
9236,150g
9219,150g
9295,150g
9309,150g
9366,150g
9268,150g
9262,150g
9233,150g
9188,150g
9252,150g
9273,150g
9190,150g
9251,150g
9346,150g
9356,150g
9257,150g
9177,150g
9208,150g
9254,150g
9085,150g
9253,150g
9356,150g
9284,150g
9206,150g
9235,150g
9289,150g
9328,150g
9258,150g
9310,150g
9222,150g
9218,150g
9236,150g
9240,150g
9277,150g
9210,150g
9260,150g
9275,150g
9375,150g
9261,150g
9219,150g
9205,150g
9261,150g
9268,150g
9301,150g
9279,150g
9200,150g
9142,150g
9178,150g
9278,150g
9309,150g
9283,150g
9268,150g
9283,150g
9263,150g
9219,150g
9164,150g
9245,150g
9364,150g
9302,150g
9282,150g
9236,150g
9283,150g
9334,150g
9315,150g
9234,150g
9249,150g
9325,150g
9365,150g
9393,150g
9337,150g
9260,150g
9231,150g
9242,150g
9343,150g
9361,150g
9193,150g
9228,150g
9322,150g
9310,150g
9176,150g
9384,150g
9353,150g
9381,150g
9320,150g
9283,150g
9369,150g
9276,150g
9203,150g
9221,150g
9193,150g
9209,150g
9376,150g
9316,150g
9274,150g
9299,150g
9390,150g
9341,150g
9228,150g
9313,150g
9368,150g
9302,150g
9276,150g
9332,150g
9286,150g
9235,150g
9238,150g
9294,150g
9306,150g
9394,150g
9452,150g
9356,150g
9164,150g
9152,150g
9322,150g
9258,150g
9303,150g
9464,150g
9462,150g
9364,150g
9354,150g
9182,150g
9294,150g
9383,150g
9324,150g
9252,150g
9283,150g
9303,150g
9203,150g
9085,150g
9101,150g
9158,150g
9152,150g
9233,150g
9208,150g
9192,150g
9194,150g
9239,150g
9171,150g
9246,150g
9303,150g
9152,150g
9147,150g
9145,150g
9189,150g
9252,150g
9225,150g
9155,150g
9138,150g
9205,150g
9168,150g
9169,150g
9231,150g
9253,150g
9180,150g
9135,150g
9238,150g
9197,150g
9274,150g
9238,150g
9035,150g
9092,150g
9084,150g
9140,150g
9140,150g
9248,150g
9212,150g
9141,150g
9212,150g
9060,150g
9035,150g
9132,150g
9170,150g
9103,150g
9022,150g
9043,150g
9073,150g
9016,150g
9096,150g
9133,150g
9157,150g
9277,150g
9167,150g
9052,150g
9139,150g
9187,150g
9203,150g
9176,150g
9047,150g
9083,150g
9126,150g
9158,150g
9228,150g
9126,150g
9073,150g
9140,150g
9176,150g
9175,150g
9203,150g
9261,150g
9279,150g
9205,150g
9133,150g
9139,150g
9004,150g
9127,150g
9135,150g
8997,150g
9016,150g
9110,150g
9165,150g
9157,150g
9119,150g
9121,150g
9136,150g
9136,150g
9204,150g
9282,150g
9213,150g
9150,150g
9219,150g
9242,150g
9113,150g
9199,150g
9302,150g
9325,150g
9297,150g
9245,150g
9211,150g
9310,150g
9239,150g
9187,150g
9080,150g
9073,150g
9254,150g
9264,150g
9246,150g
9372,150g
9254,150g
9237,150g
9160,150g
9072,150g
9081,150g
9224,150g
9210,150g
9053,150g
9040,150g
9117,150g
9210,150g
9164,150g
9172,150g
9197,150g
9218,150g
9179,150g
9117,150g
9132,150g
9133,150g
9259,150g
9200,150g
9142,150g
9224,150g
9268,150g
9273,150g
9190,150g
9196,150g
9251,150g
9216,150g
9195,150g
9245,150g
9285,150g
9226,150g
9191,150g
9210,150g
9169,150g
9158,150g
9125,150g
9140,150g
9137,150g
9253,150g
9266,150g
9175,150g
9163,150g
9220,150g
9224,150g
9186,150g
9304,150g
9241,150g
9194,150g
9219,150g
9106,150g
9253,150g
9273,150g
9197,150g
9152,150g
9148,150g
9159,150g
9189,150g
9283,150g
9232,150g
9311,150g
9254,150g
9256,150g
9325,150g
9330,150g
9255,150g
9242,150g
9216,150g
9247,150g
9217,150g
9268,150g
9288,150g
9251,150g
9291,150g
9319,150g
9263,150g
9290,150g
9358,150g
9351,150g
9331,150g
9340,150g
9269,150g
9341,150g
9320,150g
9327,150g
9347,150g
9255,150g
9269,150g
9167,150g
9179,150g
9364,150g
9354,150g
9317,150g
9470,150g
9435,150g
9321,150g
9292,150g
9351,150g
9347,150g
9380,150g
9454,150g
9433,150g
9260,150g
9263,150g
9377,150g
9344,150g
9329,150g
9351,150g
9360,150g
9350,150g
9347,150g
9415,150g
9456,150g
9351,150g
9290,150g
9334,150g
9428,150g
9465,150g
9440,150g
9366,150g
9421,150g
9385,150g
9361,150g
9354,150g
9366,150g
9350,150g
9396,150g
9361,150g
9329,150g
9300,150g
9274,150g
9234,150g
9346,150g
9379,150g
9466,150g
9354,150g
9328,150g
9363,150g
9414,150g
9433,150g
9321,150g
9370,150g
9447,150g
9368,150g
9289,150g
9276,150g
9344,150g
9313,150g
9251,150g
9302,150g
9389,150g
9362,150g
9386,150g
9365,150g
9292,150g
9286,150g
9141,150g
9235,150g
9234,150g
9172,150g
9343,150g
9315,150g
9303,150g
9365,150g
9311,150g
9239,150g
9240,150g
9285,150g
9412,150g
9351,150g
9308,150g
9317,150g
9165,150g
9186,150g
9371,150g
9343,150g
9155,150g
9191,150g
9281,150g
9341,150g
9246,150g
9171,150g
9069,150g
9160,150g
9149,150g
9242,150g
9167,150g
9066,150g
9227,150g
9125,150g
9032,150g
9242,150g
9305,150g
9156,150g
9278,150g
9298,150g
9335,150g
9184,150g
9029,150g
9061,150g
9050,150g
9102,150g
9198,150g
9179,150g
9199,150g
9230,150g
9280,150g
9277,150g
9236,150g
9097,150g
9150,150g
9233,150g
9326,150g
9180,150g
9227,150g
9303,150g
9162,150g
9214,150g
9288,150g
9268,150g
9250,150g
9273,150g
9255,150g
9278,150g
9248,150g
9288,150g
9211,150g
9329,150g
9365,150g
9235,150g
9306,150g
9346,150g
9389,150g
9331,150g
9235,150g
9330,150g
9354,150g
9301,150g
9242,150g
9327,150g
9464,150g
9363,150g
9384,150g
9423,150g
9301,150g
9368,150g
9482,150g
9296,150g
9343,150g
9331,150g
9377,150g
9486,150g
9460,150g
9465,150g
9428,150g
9440,150g
9473,150g
9427,150g
9487,150g
9534,150g
9445,150g
9430,150g
9419,150g
9463,150g
9476,150g
9463,150g
9417,150g
9457,150g
9355,150g
9410,150g
9463,150g
9429,150g
9529,150g
9500,150g
9412,150g
9356,150g
9549,150g
9514,150g
9488,150g
9519,150g
9480,150g
9490,150g
9502,150g
9513,150g
9552,150g
9429,150g
9426,150g
9415,150g
9506,150g
9572,150g
9462,150g
9412,150g
9463,150g
9501,150g
9579,150g
9614,150g
9458,150g
9601,150g
9590,150g
9517,150g
9591,150g
9552,150g
9406,150g
9488,150g
9665,150g
9516,150g
9360,150g
9366,150g
9441,150g
9541,150g
9604,150g
9436,150g
9533,150g
9510,150g
9520,150g
9446,150g
9465,150g
9617,150g
9538,150g
9556,150g
9589,150g
9487,150g
9396,150g
9455,150g
9507,150g
9501,150g
9486,150g
9600,150g
9781,150g
9624,150g
9522,150g
9478,150g
9482,150g
9523,150g
9372,150g
9379,150g
9468,150g
9470,150g
9501,150g
9546,150g
9558,150g
9647,150g
9628,150g
9489,150g
9457,150g
9580,150g
9570,150g
9602,150g
9597,150g
9625,150g
9621,150g
9651,150g
9630,150g
9597,150g
9662,150g
9639,150g
9597,150g
9523,150g
9557,150g
9452,150g
9420,150g
9531,150g
9574,150g
9526,150g
9540,150g
9624,150g
9620,150g
9661,150g
9485,150g
9504,150g
9541,150g
9623,150g
9562,150g
9632,150g
9567,150g
9559,150g
9545,150g
9559,150g
9637,150g
9723,150g
9698,150g
9688,150g
9632,150g
9586,150g
9557,150g
9564,150g
9423,150g
9736,150g
9701,150g
9707,150g
9639,150g
9586,150g
9507,150g
9597,150g
9642,150g
9576,150g
9619,150g
9662,150g
9675,150g
9578,150g
9601,150g
9559,150g
9538,150g
9618,150g
9549,150g
9576,150g
9700,150g
9568,150g
9541,150g
9524,150g
9615,150g
9762,150g
9716,150g
9651,150g
9533,150g
9533,150g
9635,150g
9612,150g
9632,150g
9634,150g
9650,150g
9721,150g
9593,150g
9530,150g
9628,150g
9732,150g
9636,150g
9553,150g
9561,150g
9632,150g
9517,150g
9397,150g
9482,150g
9495,150g
9504,150g
9581,150g
9642,150g
9680,150g
9702,150g
9670,150g
9680,150g
9654,150g
9609,150g
9530,150g
9520,150g
9574,150g
9653,150g
9607,150g
9490,150g
9519,150g
9573,150g
9518,150g
9506,150g
9467,150g
9522,150g
9639,150g
9717,150g
9539,150g
9461,150g
9570,150g
9563,150g
9544,150g
9590,150g
9544,150g
9540,150g
9605,150g
9550,150g
9413,150g
9613,150g
9648,150g
9583,150g
9554,150g
9572,150g
9494,150g
9573,150g
9697,150g
9673,150g
9702,150g
9643,150g
9551,150g
9489,150g
9657,150g
9756,150g
9542,150g
9566,150g
9606,150g
9624,150g
9670,150g
9640,150g
9627,150g
9694,150g
9644,150g
9602,150g
9620,150g
9639,150g
9580,150g
9461,150g
9605,150g
9707,150g
9674,150g
9587,150g
9718,150g
9652,150g
9599,150g
9681,150g
9683,150g
9587,150g
9663,150g
9743,150g
9625,150g
9629,150g
9690,150g
9556,150g
9472,150g
9572,150g
9603,150g
9674,150g
9524,150g
9500,150g
9550,150g
9578,150g
9695,150g
9708,150g
9540,150g
9519,150g
9502,150g
9494,150g
9530,150g
9609,150g
9518,150g
9514,150g
9580,150g
9528,150g
9461,150g
9448,150g
9474,150g
9363,150g
9480,150g
9634,150g
9571,150g
9570,150g
9548,150g
9631,150g
9581,150g
9504,150g
9560,150g
9505,150g
9614,150g
9721,150g
9581,150g
9508,150g
9413,150g
9435,150g
9514,150g
9591,150g
9651,150g
9682,150g
9595,150g
9617,150g
9644,150g
9534,150g
9603,150g
9584,150g
9582,150g
9568,150g
9537,150g
9566,150g
9567,150g
9630,150g
9727,150g
9568,150g
9477,150g
9543,150g
9566,150g
9610,150g
9606,150g
9524,150g
9483,150g
9581,150g
9648,150g
9672,150g
9612,150g
9573,150g
9595,150g
9490,150g
9518,150g
9589,150g
9588,150g
9519,150g
9492,150g
9539,150g
9599,150g
9486,150g
9632,150g
9633,150g
9608,150g
9566,150g
9594,150g
9664,150g
9702,150g
9738,150g
9750,150g
9662,150g
9602,150g
9655,150g
9633,150g
9566,150g
9658,150g
9737,150g
9730,150g
9566,150g
9554,150g
9612,150g
9593,150g
9518,150g
9705,150g
9577,150g
9514,150g
9664,150g
9709,150g
9635,150g
9546,150g
9567,150g
9613,150g
9724,150g
9655,150g
9597,150g
9566,150g
9679,150g
9680,150g
9519,150g
9560,150g
9659,150g
9669,150g
9705,150g
9709,150g
9821,150g
9748,150g
9631,150g
9611,150g
9608,150g
9637,150g
9728,150g
9811,150g
9616,150g
9511,150g
9579,150g
9730,150g
9729,150g
9719,150g
9624,150g
9694,150g
9693,150g
9732,150g
9661,150g
9668,150g
9630,150g
9613,150g
9627,150g
9724,150g
9755,150g
9657,150g
9563,150g
9622,150g
9715,150g
9588,150g
9531,150g
9585,150g
9564,150g
9683,150g
9659,150g
9651,150g
9641,150g
9637,150g
9652,150g
9612,150g
9710,150g
9717,150g
9677,150g
9661,150g
9633,150g
9559,150g
9648,150g
9644,150g
9575,150g
9597,150g
9612,150g
9654,150g
9653,150g
9629,150g
9668,150g
9698,150g
9712,150g
9625,150g
9568,150g
9520,150g
9628,150g
9669,150g
