Redmi9A,Weight: 196g
7381,196g
7468,196g
7488,196g
7392,196g
7427,196g
7378,196g
7365,196g
7450,196g
7551,196g
7514,196g
7501,196g
7461,196g
7562,196g
7554,196g
7413,196g
7404,196g
7415,196g
7429,196g
7517,196g
7446,196g
7390,196g
7338,196g
7359,196g
7406,196g
7478,196g
7556,196g
7508,196g
7455,196g
7455,196g
7505,196g
7471,196g
7358,196g
7452,196g
7478,196g
7366,196g
7428,196g
7534,196g
7504,196g
7586,196g
7541,196g
7459,196g
7405,196g
7330,196g
7364,196g
7390,196g
7480,196g
7452,196g
7295,196g
7343,196g
7420,196g
7381,196g
7254,196g
7329,196g
7482,196g
7554,196g
7441,196g
7427,196g
7389,196g
7431,196g
7428,196g
7446,196g
7523,196g
7482,196g
7452,196g
7443,196g
7406,196g
7372,196g
7355,196g
7472,196g
7642,196g
7649,196g
7577,196g
7461,196g
7297,196g
7584,196g
7423,196g
7352,196g
7500,196g
7433,196g
7350,196g
7370,196g
7492,196g
7585,196g
7421,196g
7150,196g
7215,196g
7394,196g
7446,196g
7445,196g
7469,196g
7469,196g
7342,196g
7407,196g
7443,196g
7466,196g
7455,196g
7439,196g
7419,196g
7424,196g
7422,196g
7352,196g
7417,196g
7436,196g
7420,196g
7386,196g
7382,196g
7418,196g
7418,196g
7369,196g
7372,196g
7265,196g
7409,196g
7447,196g
7469,196g
7569,196g
7539,196g
7443,196g
7376,196g
7304,196g
7304,196g
7368,196g
7396,196g
7439,196g
7504,196g
7445,196g
7528,196g
7626,196g
7550,196g
7486,196g
7427,196g
7413,196g
7395,196g
7531,196g
7468,196g
7337,196g
7325,196g
7377,196g
7400,196g
7480,196g
7443,196g
7461,196g
7445,196g
7637,196g
7547,196g
7480,196g
7448,196g
7324,196g
7384,196g
7399,196g
7298,196g
7380,196g
7452,196g
7285,196g
7452,196g
7411,196g
7314,196g
7484,196g
7499,196g
7492,196g
7440,196g
7485,196g
7574,196g
7411,196g
7373,196g
7531,196g
7522,196g
7429,196g
7257,196g
7262,196g
7424,196g
7545,196g
7530,196g
7403,196g
7384,196g
7445,196g
7506,196g
7522,196g
7479,196g
7449,196g
7470,196g
7479,196g
7465,196g
7298,196g
7414,196g
7512,196g
7548,196g
7546,196g
7462,196g
7501,196g
7505,196g
7407,196g
7417,196g
7537,196g
7525,196g
7457,196g
7473,196g
7406,196g
7296,196g
7402,196g
7337,196g
7354,196g
7444,196g
7420,196g
7369,196g
7391,196g
7373,196g
7293,196g
7444,196g
7686,196g
7618,196g
7362,196g
7335,196g
7534,196g
7522,196g
7439,196g
7369,196g
7389,196g
7236,196g
7341,196g
7460,196g
7463,196g
7577,196g
7523,196g
7550,196g
7570,196g
7562,196g
7501,196g
7441,196g
7491,196g
7498,196g
7432,196g
7400,196g
7524,196g
7509,196g
7257,196g
7266,196g
7407,196g
7498,196g
7577,196g
7486,196g
7327,196g
7286,196g
7440,196g
7478,196g
7390,196g
7411,196g
7471,196g
7436,196g
7527,196g
7578,196g
7534,196g
7526,196g
7527,196g
7392,196g
7403,196g
7328,196g
7356,196g
7439,196g
7368,196g
7390,196g
7360,196g
7405,196g
7450,196g
7391,196g
7339,196g
7383,196g
7429,196g
7582,196g
7530,196g
7468,196g
7438,196g
7460,196g
7404,196g
7380,196g
7467,196g
7558,196g
7520,196g
7511,196g
7496,196g
7509,196g
7492,196g
7406,196g
7442,196g
7471,196g
7441,196g
7469,196g
7456,196g
7458,196g
7347,196g
7338,196g
7412,196g
7445,196g
7494,196g
7492,196g
7462,196g
7590,196g
7624,196g
7598,196g
7495,196g
7355,196g
7380,196g
7391,196g
7351,196g
7366,196g
7450,196g
7429,196g
7442,196g
7382,196g
7425,196g
7437,196g
7463,196g
7533,196g
7397,196g
7396,196g
7415,196g
7482,196g
7335,196g
7403,196g
7539,196g
7518,196g
7357,196g
7389,196g
7481,196g
7395,196g
7447,196g
7491,196g
7434,196g
7438,196g
7466,196g
7586,196g
7578,196g
7488,196g
7412,196g
7501,196g
7513,196g
7384,196g
7417,196g
7448,196g
7434,196g
7503,196g
7496,196g
7403,196g
7386,196g
7248,196g
7275,196g
7350,196g
7370,196g
7484,196g
7434,196g
7372,196g
7438,196g
7560,196g
7435,196g
7391,196g
7469,196g
7427,196g
7318,196g
7384,196g
7464,196g
7490,196g
7435,196g
7358,196g
7423,196g
7433,196g
7316,196g
7339,196g
7461,196g
7457,196g
7528,196g
7535,196g
7395,196g
7436,196g
7447,196g
7331,196g
7419,196g
7446,196g
7404,196g
7404,196g
7348,196g
7402,196g
7304,196g
7377,196g
7392,196g
7426,196g
7422,196g
7385,196g
7488,196g
7536,196g
7510,196g
7494,196g
7372,196g
7379,196g
7441,196g
7387,196g
7337,196g
7439,196g
7455,196g
7473,196g
7517,196g
7485,196g
7455,196g
7436,196g
7455,196g
7514,196g
7454,196g
7442,196g
7389,196g
7491,196g
7563,196g
7511,196g
7540,196g
7442,196g
7361,196g
7281,196g
7432,196g
7510,196g
7559,196g
7536,196g
7532,196g
7516,196g
7432,196g
7440,196g
7408,196g
7285,196g
7323,196g
7496,196g
7421,196g
7355,196g
7364,196g
7401,196g
7441,196g
7512,196g
7469,196g
7400,196g
7456,196g
7496,196g
7462,196g
7489,196g
7302,196g
7210,196g
7336,196g
7451,196g
7446,196g
7512,196g
7440,196g
7443,196g
7467,196g
7485,196g
7498,196g
7391,196g
7293,196g
7251,196g
7285,196g
7416,196g
7319,196g
7341,196g
7404,196g
7395,196g
7401,196g
7360,196g
7433,196g
7510,196g
7517,196g
7555,196g
7439,196g
7301,196g
7320,196g
7418,196g
7347,196g
7397,196g
7445,196g
7433,196g
7449,196g
7439,196g
7467,196g
7569,196g
7491,196g
7425,196g
7346,196g
7290,196g
7424,196g
7508,196g
7417,196g
7376,196g
7429,196g
7316,196g
7260,196g
7322,196g
7442,196g
7519,196g
7571,196g
7434,196g
7461,196g
7436,196g
7465,196g
7504,196g
7467,196g
7467,196g
7453,196g
7466,196g
7429,196g
7401,196g
7444,196g
7325,196g
7330,196g
7318,196g
7455,196g
7534,196g
7567,196g
7324,196g
7374,196g
7379,196g
7410,196g
7314,196g
7338,196g
7414,196g
7443,196g
7403,196g
7407,196g
7425,196g
7480,196g
7310,196g
7286,196g
7312,196g
7450,196g
7322,196g
7330,196g
7390,196g
7456,196g
7548,196g
7446,196g
7337,196g
7305,196g
7360,196g
7434,196g
7430,196g
7447,196g
7433,196g
7402,196g
7404,196g
7413,196g
7327,196g
7316,196g
7475,196g
7549,196g
7551,196g
7443,196g
7359,196g
7421,196g
7382,196g
7276,196g
7274,196g
7344,196g
7364,196g
7361,196g
7349,196g
7369,196g
7511,196g
7591,196g
7557,196g
7592,196g
7464,196g
7347,196g
7431,196g
7460,196g
7451,196g
7382,196g
7337,196g
7342,196g
7434,196g
7412,196g
7395,196g
7403,196g
7309,196g
7395,196g
7454,196g
7441,196g
7387,196g
7341,196g
7394,196g
7285,196g
7272,196g
7256,196g
7344,196g
7293,196g
7342,196g
7317,196g
7361,196g
7296,196g
7229,196g
7306,196g
7374,196g
7457,196g
7304,196g
7339,196g
7486,196g
7554,196g
7445,196g
7403,196g
7350,196g
7432,196g
7554,196g
7426,196g
7349,196g
7322,196g
7401,196g
7379,196g
7438,196g
7324,196g
7369,196g
7483,196g
7380,196g
7376,196g
7465,196g
7432,196g
7420,196g
7458,196g
7444,196g
7377,196g
7481,196g
7474,196g
7453,196g
7415,196g
7454,196g
7446,196g
7336,196g
7334,196g
7396,196g
7443,196g
7405,196g
7385,196g
7460,196g
7477,196g
7397,196g
7257,196g
7303,196g
7358,196g
7472,196g
7495,196g
7501,196g
7387,196g
7466,196g
7442,196g
7409,196g
7324,196g
7419,196g
7409,196g
7421,196g
7435,196g
7458,196g
7457,196g
7376,196g
7423,196g
7499,196g
7500,196g
7486,196g
7313,196g
7416,196g
7437,196g
7404,196g
7457,196g
7545,196g
7455,196g
7319,196g
7377,196g
7528,196g
7514,196g
7458,196g
7505,196g
7462,196g
7448,196g
7484,196g
7508,196g
7421,196g
7324,196g
7317,196g
7403,196g
7428,196g
7284,196g
7359,196g
7381,196g
7418,196g
7551,196g
7607,196g
7484,196g
7485,196g
7504,196g
7355,196g
7385,196g
7388,196g
7409,196g
7508,196g
7578,196g
7509,196g
7454,196g
7368,196g
7376,196g
7565,196g
7472,196g
7444,196g
7441,196g
7550,196g
7537,196g
7443,196g
7367,196g
7411,196g
7481,196g
7484,196g
7468,196g
7469,196g
7408,196g
7457,196g
7496,196g
7481,196g
7332,196g
7369,196g
7467,196g
7355,196g
7329,196g
7516,196g
7537,196g
7323,196g
7448,196g
7556,196g
7515,196g
7441,196g
7431,196g
7423,196g
7457,196g
7444,196g
7388,196g
7434,196g
7413,196g
7399,196g
7427,196g
7330,196g
7449,196g
7401,196g
7471,196g
7423,196g
7410,196g
7495,196g
7497,196g
7502,196g
7491,196g
7502,196g
7548,196g
7556,196g
7486,196g
7480,196g
7401,196g
7385,196g
7455,196g
7299,196g
7405,196g
7444,196g
7422,196g
7377,196g
7435,196g
7477,196g
7476,196g
7464,196g
7437,196g
7512,196g
7548,196g
7489,196g
7288,196g
7267,196g
7396,196g
7368,196g
7402,196g
7359,196g
7464,196g
7457,196g
7310,196g
7292,196g
7353,196g
7343,196g
7427,196g
7452,196g
7491,196g
7536,196g
7501,196g
7392,196g
7380,196g
7466,196g
7477,196g
7508,196g
7381,196g
7440,196g
7406,196g
7439,196g
7407,196g
7298,196g
7343,196g
7329,196g
7374,196g
7475,196g
7522,196g
7524,196g
7350,196g
7304,196g
7418,196g
7512,196g
7396,196g
7223,196g
7382,196g
7365,196g
7417,196g
7322,196g
7323,196g
7453,196g
7521,196g
7555,196g
7506,196g
7359,196g
7383,196g
7444,196g
7416,196g
7367,196g
7394,196g
7413,196g
7528,196g
7540,196g
7349,196g
7346,196g
7376,196g
7329,196g
7293,196g
7338,196g
7409,196g
7397,196g
7462,196g
7410,196g
7390,196g
7483,196g
7491,196g
7469,196g
7491,196g
7488,196g
7445,196g
7447,196g
7426,196g
7372,196g
7304,196g
7286,196g
7285,196g
7430,196g
7497,196g
7460,196g
7482,196g
7508,196g
7533,196g
7442,196g
7434,196g
7355,196g
7416,196g
7443,196g
7423,196g
7409,196g
7328,196g
7392,196g
7402,196g
7380,196g
7461,196g
7439,196g
7431,196g
7302,196g
7375,196g
7526,196g
7416,196g
7418,196g
7479,196g
7477,196g
7480,196g
7445,196g
7366,196g
7430,196g
7438,196g
7288,196g
7340,196g
7378,196g
7425,196g
7501,196g
7519,196g
7424,196g
7398,196g
7446,196g
7398,196g
7426,196g
7399,196g
7345,196g
7356,196g
7460,196g
7429,196g
7236,196g
7159,196g
7150,196g
7393,196g
7529,196g
7482,196g
7384,196g
7418,196g
7499,196g
7501,196g
7359,196g
7202,196g
7429,196g
7462,196g
7412,196g
7357,196g
7457,196g
7417,196g
7417,196g
7491,196g
7340,196g
7339,196g
7354,196g
7356,196g
7366,196g
7427,196g
7332,196g
7361,196g
7430,196g
7321,196g
7257,196g
7329,196g
7407,196g
7425,196g
7441,196g
7472,196g
7358,196g
7396,196g
7473,196g
7385,196g
7348,196g
7402,196g
7375,196g
7401,196g
7422,196g
7306,196g
7336,196g
7505,196g
7476,196g
7401,196g
7395,196g
7381,196g
7318,196g
7321,196g
7275,196g
7326,196g
7275,196g
7446,196g
7438,196g
7360,196g
7455,196g
7511,196g
7372,196g
7510,196g
7511,196g
7432,196g
7486,196g
7476,196g
7432,196g
7402,196g
7347,196g
7424,196g
7464,196g
7460,196g
7342,196g
7300,196g
7307,196g
7402,196g
7460,196g
7439,196g
7386,196g
7317,196g
7282,196g
7323,196g
7411,196g
7305,196g
7332,196g
7431,196g
7385,196g
7340,196g
7279,196g
7298,196g
7380,196g
7435,196g
7360,196g
7399,196g
7572,196g
7551,196g
7442,196g
7414,196g
7396,196g
7389,196g
7374,196g
7364,196g
7296,196g
7340,196g
7394,196g
7372,196g
7460,196g
7487,196g
7451,196g
7367,196g
7292,196g
7345,196g
7339,196g
7427,196g
7428,196g
7392,196g
7423,196g
7399,196g
7445,196g
7477,196g
7411,196g
7403,196g
7412,196g
7393,196g
7471,196g
7300,196g
7352,196g
7446,196g
7438,196g
7399,196g
7460,196g
7427,196g
7312,196g
7403,196g
7299,196g
7246,196g
7449,196g
7585,196g
7478,196g
7345,196g
7338,196g
7356,196g
7339,196g
7302,196g
7292,196g
7314,196g
7334,196g
7465,196g
7382,196g
7344,196g
7427,196g
7570,196g
7585,196g
7455,196g
7504,196g
7436,196g
7399,196g
7321,196g
7262,196g
7250,196g
7313,196g
7357,196g
7359,196g
7305,196g
7359,196g
7380,196g
7238,196g
7270,196g
7357,196g
7272,196g
7351,196g
7328,196g
7473,196g
7445,196g
7313,196g
7197,196g
7189,196g
7285,196g
7409,196g
7344,196g
7284,196g
7337,196g
7359,196g
7358,196g
7420,196g
7438,196g
7358,196g
7305,196g
7479,196g
7447,196g
7266,196g
7211,196g
7258,196g
7391,196g
7390,196g
7324,196g
7460,196g
7371,196g
7261,196g
7446,196g
7522,196g
7421,196g
7402,196g
7381,196g
7420,196g
7518,196g
7463,196g
7432,196g
7378,196g
7279,196g
7275,196g
7317,196g
7443,196g
7494,196g
7463,196g
7480,196g
7479,196g
7460,196g
7488,196g
7469,196g
7389,196g
7419,196g
7334,196g
7428,196g
7385,196g
7468,196g
7380,196g
7394,196g
7339,196g
7411,196g
7343,196g
7298,196g
7261,196g
7449,196g
7516,196g
7476,196g
7346,196g
7366,196g
7337,196g
7191,196g
7414,196g
7445,196g
7425,196g
7451,196g
7424,196g
7443,196g
7428,196g
7369,196g
7435,196g
7393,196g
7439,196g
7456,196g
7470,196g
7468,196g
7480,196g
7450,196g
7450,196g
7366,196g
7239,196g
7385,196g
7457,196g
7355,196g
7431,196g
7428,196g
7346,196g
7379,196g
7298,196g
7248,196g
7308,196g
7363,196g
7469,196g
7552,196g
7416,196g
7348,196g
7317,196g
7271,196g
7260,196g
7315,196g
7402,196g
7441,196g
7404,196g
7428,196g
7355,196g
7305,196g
7267,196g
7414,196g
7443,196g
7362,196g
7439,196g
7521,196g
7508,196g
7573,196g
7579,196g
7482,196g
7341,196g
7337,196g
7458,196g
7464,196g
7384,196g
7385,196g
7402,196g
7348,196g
7401,196g
7504,196g
7401,196g
7446,196g
7432,196g
7515,196g
7481,196g
7507,196g
7439,196g
7398,196g
7399,196g
7468,196g
7401,196g
7475,196g
7480,196g
7404,196g
7282,196g
7364,196g
7422,196g
7398,196g
7368,196g
7322,196g
7423,196g
7520,196g
7511,196g
7346,196g
7382,196g
7485,196g
7395,196g
7318,196g
7412,196g
7363,196g
7335,196g
7371,196g
7370,196g
7458,196g
7233,196g
7287,196g
7395,196g
7406,196g
7429,196g
7350,196g
7347,196g
7428,196g
7384,196g
7350,196g
7452,196g
7412,196g
7405,196g
7398,196g
7472,196g
7422,196g
7352,196g
7378,196g
7495,196g
7533,196g
7429,196g
7471,196g
7569,196g
7486,196g
7389,196g
7397,196g
7577,196g
7498,196g
7455,196g
7514,196g
7425,196g
7470,196g
7359,196g
7550,196g
7517,196g
7561,196g
7370,196g
7473,196g
7443,196g
7498,196g
7482,196g
7468,196g
7432,196g
7478,196g
7533,196g
7454,196g
7405,196g
7441,196g
7527,196g
7430,196g
7400,196g
7391,196g
7373,196g
7347,196g
7319,196g
7320,196g
7345,196g
7429,196g
7452,196g
7392,196g
7491,196g
7461,196g
7539,196g
7377,196g
7226,196g
7285,196g
7405,196g
7334,196g
7405,196g
7432,196g
7532,196g
7401,196g
7430,196g
7455,196g
7489,196g
7443,196g
7460,196g
7508,196g
7474,196g
7370,196g
7345,196g
7562,196g
7603,196g
7473,196g
7352,196g
7377,196g
7303,196g
7353,196g
7449,196g
7430,196g
7390,196g
7369,196g
7370,196g
7447,196g
7447,196g
7466,196g
7536,196g
7583,196g
7501,196g
7542,196g
7485,196g
7568,196g
7502,196g
7467,196g
7478,196g
7366,196g
7355,196g
7285,196g
7401,196g
7521,196g
7569,196g
7434,196g
7360,196g
7476,196g
7518,196g
7521,196g
7467,196g
7465,196g
7540,196g
7523,196g
7514,196g
7370,196g
7408,196g
7476,196g
7417,196g
7392,196g
7288,196g
7458,196g
7598,196g
7550,196g
7418,196g
7461,196g
7541,196g
7495,196g
7411,196g
7478,196g
7605,196g
7612,196g
7534,196g
7407,196g
7498,196g
7558,196g
7538,196g
7378,196g
7397,196g
7558,196g
7503,196g
7472,196g
7556,196g
7510,196g
7557,196g
7635,196g
7551,196g
7468,196g
7438,196g
7592,196g
7678,196g
7537,196g
7472,196g
7407,196g
7473,196g
7503,196g
7568,196g
7489,196g
7482,196g
7553,196g
7538,196g
7690,196g
7618,196g
7518,196g
7511,196g
7500,196g
7617,196g
7557,196g
7396,196g
7628,196g
7570,196g
7406,196g
7444,196g
7491,196g
7603,196g
7555,196g
7450,196g
7435,196g
7561,196g
7626,196g
7486,196g
7483,196g
7542,196g
7544,196g
7584,196g
7615,196g
7564,196g
7487,196g
7494,196g
7480,196g
7677,196g
7591,196g
7539,196g
7614,196g
7542,196g
7421,196g
7527,196g
7570,196g
7535,196g
7572,196g
7514,196g
7471,196g
7435,196g
7433,196g
7537,196g
7601,196g
7560,196g
7500,196g
7481,196g
7405,196g
7499,196g
7522,196g
7542,196g
7543,196g
7563,196g
7609,196g
7523,196g
7548,196g
7571,196g
7474,196g
7398,196g
7443,196g
7418,196g
7322,196g
7426,196g
7491,196g
7461,196g
7437,196g
7542,196g
7562,196g
7574,196g
7540,196g
7504,196g
7653,196g
7665,196g
7529,196g
7501,196g
7600,196g
7508,196g
7444,196g
7476,196g
7476,196g
7510,196g
7486,196g
7498,196g
7502,196g
7533,196g
7565,196g
7519,196g
7491,196g
7426,196g
7504,196g
7683,196g
7588,196g
7525,196g
7441,196g
7504,196g
7651,196g
7593,196g
7645,196g
7537,196g
7534,196g
7638,196g
7595,196g
7607,196g
7590,196g
7489,196g
7521,196g
7516,196g
7532,196g
7666,196g
7683,196g
7607,196g
7652,196g
7584,196g
7649,196g
7674,196g
7561,196g
7431,196g
7459,196g
7395,196g
7483,196g
7572,196g
7517,196g
7511,196g
7408,196g
7484,196g
7506,196g
7456,196g
7519,196g
7484,196g
7466,196g
7472,196g
7369,196g
7453,196g
7434,196g
7366,196g
7449,196g
7407,196g
7472,196g
7587,196g
7537,196g
7494,196g
7561,196g
7501,196g
7543,196g
7633,196g
7625,196g
7663,196g
7635,196g
7569,196g
7511,196g
7532,196g
7572,196g
7463,196g
7429,196g
7367,196g
7385,196g
7567,196g
7553,196g
7500,196g
7440,196g
7623,196g
7605,196g
7623,196g
7545,196g
7515,196g
7562,196g
7386,196g
7389,196g
7482,196g
7557,196g
7627,196g
7494,196g
7459,196g
7488,196g
7559,196g
7656,196g
7546,196g
7519,196g
7662,196g
7725,196g
7651,196g
7490,196g
7498,196g
7544,196g
7518,196g
7407,196g
7419,196g
7542,196g
7576,196g
7576,196g
7477,196g
7442,196g
7510,196g
7505,196g
7520,196g
7452,196g
7657,196g
7585,196g
7433,196g
7557,196g
7537,196g
7537,196g
7483,196g
7469,196g
7488,196g
7551,196g
7496,196g
7672,196g
7446,196g
7306,196g
7330,196g
7500,196g
7541,196g
7457,196g
7456,196g
7466,196g
7499,196g
7503,196g
7521,196g
7561,196g
7406,196g
7367,196g
7485,196g
7471,196g
7596,196g
7551,196g
7652,196g
7590,196g
7561,196g
7559,196g
7611,196g
7686,196g
7716,196g
7605,196g
7534,196g
7517,196g
7511,196g
7595,196g
7565,196g
7478,196g
7423,196g
7502,196g
7503,196g
7553,196g
7623,196g
7591,196g
7508,196g
7585,196g
7633,196g
7566,196g
7540,196g
7553,196g
7577,196g
7545,196g
7508,196g
7434,196g
7349,196g
7497,196g
7650,196g
7563,196g
7667,196g
7596,196g
7542,196g
7556,196g
7670,196g
7670,196g
7592,196g
7449,196g
7374,196g
7507,196g
7444,196g
7602,196g
7558,196g
7520,196g
7450,196g
7509,196g
7597,196g
7595,196g
7469,196g
7449,196g
7470,196g
7431,196g
7433,196g
7458,196g
7470,196g
7527,196g
7442,196g
7482,196g
7460,196g
7521,196g
7596,196g
7585,196g
7525,196g
7563,196g
7537,196g
7417,196g
7493,196g
7500,196g
7547,196g
7660,196g
7675,196g
7539,196g
7467,196g
7440,196g
7420,196g
7408,196g
7499,196g
7645,196g
7545,196g
7583,196g
7495,196g
7412,196g
7472,196g
7562,196g
7507,196g
7495,196g
7610,196g
7622,196g
7675,196g
7533,196g
7468,196g
7430,196g
7491,196g
7482,196g
7548,196g
7598,196g
7629,196g
7617,196g
7533,196g
7642,196g
7683,196g
7560,196g
7441,196g
7377,196g
7355,196g
7390,196g
7585,196g
7569,196g
7548,196g
7550,196g
7489,196g
7489,196g
7552,196g
7486,196g
7426,196g
7445,196g
7481,196g
7547,196g
7620,196g
7585,196g
7491,196g
7395,196g
7483,196g
7491,196g
7477,196g
7622,196g
7644,196g
7460,196g
7454,196g
7505,196g
7526,196g
7540,196g
7486,196g
7535,196g
7663,196g
7563,196g
7515,196g
7533,196g
7419,196g
7369,196g
7408,196g
7473,196g
7617,196g
7570,196g
7576,196g
7471,196g
7502,196g
7641,196g
7528,196g
7588,196g
7596,196g
7531,196g
7500,196g
7347,196g
7390,196g
7340,196g
7296,196g
7381,196g
7513,196g
7487,196g
7513,196g
7670,196g
7738,196g
7631,196g
7620,196g
7522,196g
7677,196g
7671,196g
7514,196g
7449,196g
7408,196g
7480,196g
7667,196g
7634,196g
7687,196g
7530,196g
7451,196g
7546,196g
7420,196g
7491,196g
7641,196g
7537,196g
7392,196g
7281,196g
7456,196g
7561,196g
7623,196g
7656,196g
7566,196g
7554,196g
7565,196g
7575,196g
7489,196g
7519,196g
7609,196g
7500,196g
7488,196g
7634,196g
7597,196g
7501,196g
7574,196g
7609,196g
7523,196g
7444,196g
7642,196g
7645,196g
7436,196g
7385,196g
7581,196g
7556,196g
7480,196g
7476,196g
7573,196g
7524,196g
7605,196g
7754,196g
7562,196g
7522,196g
7490,196g
7589,196g
7558,196g
7582,196g
7517,196g
7434,196g
7524,196g
7405,196g
7339,196g
7529,196g
7502,196g
7451,196g
7457,196g
7475,196g
7501,196g
7553,196g
7508,196g
7532,196g
7627,196g
7602,196g
7542,196g
7610,196g
7546,196g
7560,196g
7536,196g
7557,196g
7372,196g
7394,196g
7474,196g
7527,196g
7491,196g
7550,196g
7371,196g
7523,196g
7560,196g
7477,196g
7484,196g
7514,196g
7615,196g
7554,196g
7452,196g
7485,196g
7480,196g
7499,196g
7493,196g
7471,196g
7594,196g
7559,196g
7543,196g
7388,196g
7484,196g
7522,196g
7563,196g
7518,196g
7460,196g
7541,196g
7539,196g
7522,196g
7442,196g
7354,196g
7324,196g
7452,196g
7452,196g
7460,196g
7439,196g
7424,196g
7513,196g
7563,196g
7657,196g
7502,196g
7415,196g
7404,196g
7462,196g
7527,196g
7579,196g
7511,196g
7531,196g
7437,196g
7384,196g
7515,196g
7544,196g
7503,196g
7609,196g
7588,196g
7434,196g
7464,196g
7599,196g
7696,196g
7600,196g
7438,196g
7349,196g
7444,196g
7542,196g
7540,196g
7537,196g
7482,196g
7490,196g
7558,196g
7611,196g
7553,196g
7390,196g
7485,196g
7509,196g
7537,196g
7529,196g
7646,196g
7551,196g
7517,196g
7509,196g
7464,196g
7454,196g
7563,196g
7532,196g
7468,196g
7425,196g
7390,196g
7370,196g
7496,196g
7465,196g
7462,196g
7471,196g
7450,196g
7469,196g
7467,196g
7639,196g
7515,196g
7439,196g
7531,196g
7613,196g
7546,196g
7458,196g
7474,196g
7426,196g
7508,196g
7503,196g
7566,196g
7557,196g
7510,196g
7539,196g
7502,196g
7571,196g
7556,196g
7514,196g
7512,196g
7488,196g
7478,196g
7497,196g
7454,196g
7312,196g
7428,196g
7449,196g
7489,196g
7447,196g
7495,196g
7562,196g
7490,196g
7468,196g
7553,196g
7471,196g
7483,196g
7551,196g
7602,196g
7522,196g
7450,196g
7459,196g
7502,196g
7401,196g
7354,196g
7358,196g
7381,196g
7570,196g
7517,196g
7453,196g
7415,196g
7507,196g
7546,196g
7417,196g
7444,196g
7470,196g
7515,196g
7443,196g
7502,196g
7477,196g
7500,196g
7525,196g
7484,196g
7426,196g
7305,196g
7619,196g
7447,196g
7536,196g
7503,196g
7522,196g
7526,196g
7559,196g
7476,196g
7529,196g
7546,196g
7617,196g
7548,196g
7448,196g
7459,196g
7462,196g
7614,196g
7558,196g
7433,196g
7546,196g
7513,196g
7443,196g
7539,196g
7639,196g
7602,196g
7558,196g
7541,196g
7559,196g
7619,196g
7498,196g
7431,196g
7471,196g
7520,196g
7557,196g
7525,196g
7474,196g
7498,196g
7564,196g
7555,196g
7469,196g
7450,196g
7358,196g
7470,196g
7517,196g
7444,196g
7539,196g
7608,196g
7604,196g
7614,196g
7572,196g
7492,196g
7435,196g
7510,196g
7463,196g
7492,196g
7559,196g
7530,196g
7522,196g
7381,196g
7379,196g
7452,196g
7552,196g
7488,196g
7504,196g
7477,196g
7490,196g
7466,196g
7511,196g
7617,196g
7673,196g
7522,196g
7469,196g
7555,196g
7521,196g
7635,196g
7601,196g
7575,196g
7572,196g
7542,196g
7531,196g
7533,196g
7379,196g
7339,196g
7445,196g
7586,196g
7477,196g
7467,196g
7436,196g
7350,196g
7474,196g
7536,196g
7560,196g
7680,196g
7605,196g
7470,196g
7455,196g
7616,196g
7684,196g
7615,196g
7516,196g
7433,196g
7426,196g
7456,196g
7277,196g
7314,196g
7516,196g
7433,196g
7461,196g
7451,196g
7409,196g
7393,196g
7495,196g
7496,196g
7529,196g
7592,196g
7495,196g
7445,196g
7563,196g
7645,196g
7594,196g
7504,196g
7463,196g
7469,196g
7465,196g
7406,196g
7362,196g
7534,196g
7399,196g
7506,196g
7471,196g
7481,196g
7534,196g
7553,196g
7523,196g
7566,196g
7540,196g
7533,196g
7496,196g
7514,196g
7535,196g
7504,196g
7532,196g
7592,196g
7525,196g
7446,196g
7424,196g
7378,196g
7487,196g
7440,196g
7455,196g
7479,196g
7531,196g
7449,196g
7394,196g
7544,196g
7631,196g
7570,196g
7532,196g
7553,196g
7570,196g
7521,196g
7508,196g
7431,196g
7269,196g
7437,196g
7607,196g
7654,196g
7510,196g
7475,196g
7530,196g
7357,196g
7400,196g
7472,196g
7525,196g
7459,196g
7530,196g
7600,196g
7530,196g
7518,196g
7450,196g
7516,196g
7518,196g
7411,196g
7428,196g
7390,196g
7452,196g
7485,196g
7572,196g
7551,196g
7560,196g
7445,196g
7438,196g
7407,196g
7514,196g
7522,196g
7469,196g
7479,196g
7554,196g
7384,196g
7463,196g
7508,196g
7457,196g
7408,196g
7416,196g
7450,196g
7406,196g
7356,196g
7423,196g
7430,196g
7583,196g
7538,196g
7412,196g
7368,196g
7447,196g
7407,196g
7430,196g
7518,196g
7439,196g
7376,196g
7458,196g
7530,196g
7544,196g
7503,196g
7558,196g
7421,196g
7377,196g
7409,196g
7430,196g
7495,196g
7533,196g
7569,196g
7484,196g
7477,196g
7384,196g
7356,196g
7489,196g
7570,196g
7523,196g
7499,196g
7404,196g
7408,196g
7380,196g
7394,196g
7413,196g
7410,196g
7403,196g
7489,196g
7499,196g
7468,196g
7523,196g
7563,196g
7575,196g
7633,196g
7503,196g
7511,196g
7601,196g
7518,196g
7536,196g
7486,196g
7503,196g
7531,196g
7472,196g
7279,196g
7313,196g
7492,196g
7503,196g
7477,196g
7500,196g
7561,196g
7567,196g
7557,196g
7583,196g
7443,196g
7556,196g
7609,196g
7668,196g
7684,196g
7643,196g
7541,196g
7467,196g
7506,196g
7470,196g
7411,196g
7501,196g
7543,196g
7540,196g
7569,196g
7516,196g
7531,196g
7505,196g
7609,196g
7565,196g
7525,196g
7577,196g
7589,196g
7504,196g
7445,196g
7438,196g
7450,196g
7375,196g
7427,196g
7475,196g
7465,196g
7553,196g
7380,196g
7489,196g
7466,196g
7374,196g
7461,196g
7498,196g
7526,196g
7555,196g
7629,196g
7535,196g
7483,196g
7392,196g
7351,196g
7511,196g
7542,196g
7478,196g
7594,196g
7595,196g
7349,196g
7291,196g
7365,196g
7481,196g
7527,196g
7473,196g
7441,196g
7525,196g
7421,196g
7468,196g
7464,196g
7346,196g
7365,196g
7399,196g
7474,196g
7535,196g
7553,196g
7408,196g
7372,196g
7466,196g
7474,196g
7554,196g
7516,196g
7611,196g
7546,196g
7447,196g
7517,196g
7495,196g
7562,196g
7578,196g
7555,196g
7446,196g
7541,196g
7528,196g
7372,196g
7366,196g
7485,196g
7388,196g
7427,196g
7417,196g
7302,196g
7317,196g
7401,196g
7378,196g
7432,196g
7458,196g
7372,196g
7409,196g
7466,196g
7376,196g
7370,196g
7411,196g
7444,196g
7365,196g
7396,196g
7418,196g
7449,196g
7473,196g
7498,196g
7539,196g
7471,196g
7426,196g
7474,196g
7447,196g
7356,196g
7396,196g
7505,196g
7497,196g
7440,196g
7356,196g
7362,196g
7362,196g
7466,196g
7483,196g
7481,196g
7492,196g
7472,196g
7609,196g
7584,196g
7470,196g
7483,196g
7512,196g
7473,196g
7400,196g
7422,196g
7526,196g
7509,196g
7447,196g
7349,196g
7231,196g
7276,196g
7495,196g
7520,196g
7396,196g
7535,196g
7540,196g
7396,196g
7354,196g
7458,196g
7481,196g
7413,196g
7268,196g
7380,196g
7512,196g
7471,196g
7455,196g
7447,196g
7422,196g
7353,196g
7391,196g
7425,196g
7483,196g
7467,196g
7408,196g
7432,196g
7503,196g
7519,196g
7552,196g
7559,196g
7393,196g
7391,196g
7453,196g
7528,196g
7477,196g
7455,196g
7460,196g
7440,196g
7459,196g
7369,196g
7361,196g
7507,196g
7459,196g
7366,196g
7407,196g
7466,196g
7487,196g
7398,196g
7389,196g
7443,196g
7452,196g
7493,196g
7530,196g
7497,196g
7388,196g
7349,196g
7441,196g
7432,196g
7423,196g
7491,196g
7471,196g
7487,196g
7425,196g
7364,196g
7479,196g
7512,196g
7539,196g
7458,196g
7431,196g
7430,196g
7500,196g
7554,196g
7458,196g
7432,196g
7433,196g
7532,196g
7494,196g
7450,196g
7496,196g
7559,196g
7694,196g
7730,196g
7597,196g
7518,196g
7486,196g
7556,196g
7522,196g
7523,196g
7428,196g
7314,196g
7389,196g
7346,196g
7462,196g
7443,196g
7476,196g
7393,196g
7428,196g
7452,196g
7541,196g
7489,196g
7435,196g
7573,196g
7620,196g
7584,196g
7508,196g
7523,196g
7489,196g
7507,196g
7505,196g
7432,196g
7530,196g
7461,196g
7363,196g
7387,196g
7482,196g
7473,196g
7378,196g
7330,196g
7411,196g
7491,196g
7648,196g
7505,196g
7405,196g
7466,196g
7422,196g
7300,196g
7379,196g
7559,196g
7466,196g
7325,196g
7418,196g
7650,196g
7617,196g
7506,196g
7506,196g
7426,196g
7481,196g
7478,196g
7387,196g
7424,196g
7545,196g
7425,196g
7416,196g
7387,196g
7481,196g
7365,196g
7463,196g
7531,196g
7447,196g
7453,196g
7411,196g
7413,196g
7468,196g
7507,196g
7529,196g
7561,196g
7480,196g
7446,196g
7451,196g
7533,196g
7517,196g
7370,196g
7437,196g
7570,196g
7512,196g
7561,196g
7510,196g
7445,196g
7399,196g
7366,196g
7459,196g
7443,196g
7384,196g
7484,196g
7532,196g
7493,196g
7610,196g
7547,196g
7455,196g
7377,196g
7417,196g
7404,196g
7401,196g
7491,196g
7479,196g
7432,196g
7445,196g
7536,196g
7636,196g
7619,196g
7531,196g
7463,196g
7516,196g
7483,196g
7486,196g
7520,196g
7520,196g
7398,196g
7367,196g
7388,196g
7342,196g
7324,196g
7474,196g
7585,196g
7563,196g
7621,196g
7512,196g
7407,196g
7381,196g
7393,196g
7277,196g
7424,196g
7502,196g
7530,196g
7410,196g
7466,196g
7474,196g
7441,196g
7537,196g
7510,196g
7455,196g
7402,196g
7413,196g
7524,196g
7463,196g
7368,196g
7438,196g
7397,196g
7306,196g
7273,196g
7337,196g
7358,196g
7203,196g
7351,196g
7504,196g
7441,196g
7453,196g
7338,196g
7336,196g
7385,196g
7486,196g
7478,196g
7488,196g
7400,196g
7447,196g
7525,196g
7553,196g
7575,196g
7518,196g
7419,196g
7527,196g
7638,196g
7582,196g
7436,196g
7517,196g
7528,196g
7448,196g
7381,196g
7271,196g
7409,196g
7542,196g
7500,196g
7488,196g
7602,196g
7514,196g
7502,196g
7449,196g
7290,196g
7608,196g
7589,196g
7653,196g
7655,196g
7465,196g
7423,196g
7500,196g
7496,196g
7516,196g
7442,196g
7478,196g
7538,196g
7339,196g
7333,196g
7466,196g
7346,196g
7438,196g
7436,196g
7499,196g
7444,196g
7503,196g
7455,196g
7346,196g
7358,196g
7457,196g
7477,196g
7447,196g
7516,196g
7511,196g
7491,196g
7457,196g
7453,196g
7522,196g
7509,196g
7476,196g
7538,196g
7413,196g
7442,196g
7454,196g
7503,196g
7519,196g
7519,196g
7495,196g
7563,196g
7642,196g
7599,196g
7469,196g
7388,196g
7452,196g
7429,196g
7504,196g
7459,196g
7489,196g
7396,196g
7416,196g
7362,196g
7474,196g
7525,196g
7398,196g
7442,196g
7397,196g
7458,196g
7533,196g
7694,196g
7663,196g
7444,196g
7329,196g
7486,196g
7498,196g
7559,196g
7459,196g
7414,196g
7464,196g
7446,196g
7513,196g
7507,196g
7496,196g
7445,196g
7452,196g
7455,196g
7429,196g
7535,196g
7599,196g
7553,196g
7357,196g
7380,196g
7527,196g
7517,196g
7552,196g
7418,196g
7479,196g
7510,196g
7409,196g
7356,196g
7402,196g
7453,196g
7524,196g
7622,196g
7501,196g
7331,196g
7493,196g
7464,196g
7363,196g
7393,196g
7439,196g
7492,196g
7345,196g
7322,196g
7363,196g
7397,196g
7459,196g
7503,196g
7503,196g
7519,196g
7513,196g
7516,196g
7456,196g
7463,196g
7468,196g
7454,196g
7342,196g
7335,196g
7357,196g
7399,196g
7488,196g
7462,196g
7492,196g
7528,196g
7572,196g
7653,196g
7549,196g
7449,196g
7590,196g
7552,196g
7476,196g
7502,196g
7365,196g
7387,196g
7407,196g
7426,196g
7373,196g
7367,196g
7499,196g
7372,196g
7350,196g
7385,196g
7464,196g
7473,196g
7429,196g
7401,196g
7529,196g
7557,196g
7492,196g
7478,196g
7463,196g
7404,196g
7371,196g
7521,196g
7388,196g
7407,196g
7470,196g
7524,196g
7598,196g
7583,196g
7495,196g
7508,196g
7521,196g
7557,196g
7460,196g
7431,196g
7530,196g
7427,196g
7400,196g
7585,196g
7519,196g
7456,196g
7337,196g
7325,196g
7518,196g
7476,196g
7470,196g
7601,196g
7495,196g
7384,196g
7381,196g
7462,196g
7467,196g
7452,196g
7386,196g
7474,196g
7417,196g
7377,196g
7369,196g
7481,196g
7536,196g
7597,196g
7429,196g
7493,196g
7538,196g
7586,196g
7582,196g
7580,196g
7650,196g
7606,196g
7572,196g
7631,196g
7698,196g
7659,196g
7564,196g
7538,196g
7478,196g
7447,196g
7548,196g
7561,196g
7464,196g
7526,196g
7552,196g
7621,196g
7579,196g
7459,196g
7423,196g
7484,196g
7558,196g
7594,196g
7493,196g
7498,196g
7516,196g
7491,196g
7490,196g
7588,196g
7564,196g
7559,196g
7593,196g
7544,196g
7458,196g
7470,196g
7415,196g
7418,196g
7477,196g
7525,196g
7547,196g
7539,196g
7416,196g
7432,196g
7398,196g
7371,196g
7494,196g
7468,196g
7377,196g
7506,196g
7481,196g
7474,196g
7369,196g
7293,196g
7457,196g
7555,196g
7516,196g
7572,196g
7536,196g
7453,196g
7474,196g
7430,196g
7367,196g
7423,196g
7579,196g
7515,196g
7347,196g
7529,196g
7575,196g
7567,196g
7469,196g
7400,196g
7388,196g
7472,196g
7367,196g
7435,196g
7553,196g
7525,196g
7542,196g
7548,196g
7595,196g
7621,196g
7609,196g
7551,196g
7525,196g
7561,196g
7448,196g
7484,196g
7473,196g
7487,196g
7419,196g
7433,196g
7472,196g
7480,196g
7343,196g
7362,196g
7498,196g
7538,196g
7438,196g
7378,196g
7454,196g
7495,196g
7542,196g
7497,196g
7453,196g
7491,196g
7554,196g
7579,196g
7536,196g
7417,196g
7380,196g
7500,196g
7510,196g
7413,196g
7302,196g
7328,196g
7406,196g
7583,196g
7550,196g
7423,196g
7373,196g
7522,196g
7470,196g
7509,196g
7452,196g
7409,196g
7493,196g
7460,196g
7421,196g
7427,196g
7488,196g
7453,196g
7441,196g
7388,196g
7401,196g
7364,196g
7425,196g
7499,196g
7407,196g
7412,196g
7391,196g
7432,196g
7462,196g
7513,196g
7498,196g
7397,196g
7387,196g
7374,196g
7451,196g
7422,196g
7359,196g
7451,196g
7456,196g
7461,196g
7425,196g
7513,196g
7323,196g
7377,196g
7364,196g
7327,196g
7324,196g
7457,196g
7522,196g
7469,196g
7398,196g
7443,196g
7468,196g
7442,196g
7407,196g
7443,196g
7348,196g
7377,196g
7357,196g
7384,196g
7428,196g
7416,196g
7543,196g
7577,196g
7425,196g
7397,196g
7392,196g
7386,196g
7494,196g
7577,196g
7590,196g
7504,196g
7478,196g
7534,196g
7573,196g
7515,196g
7534,196g
7503,196g
7428,196g
7484,196g
7539,196g
7525,196g
7557,196g
7482,196g
7504,196g
7481,196g
7443,196g
7542,196g
7482,196g
7491,196g
7552,196g
7440,196g
7465,196g
7493,196g
7439,196g
7427,196g
7425,196g
7513,196g
7407,196g
7370,196g
7613,196g
7564,196g
7526,196g
7509,196g
7443,196g
7501,196g
7581,196g
7459,196g
7505,196g
7409,196g
7355,196g
7425,196g
7349,196g
7372,196g
7489,196g
7517,196g
7481,196g
7389,196g
7533,196g
7670,196g
7652,196g
7595,196g
7538,196g
7422,196g
7534,196g
7566,196g
7592,196g
7531,196g
7331,196g
7297,196g
7433,196g
7552,196g
7441,196g
7390,196g
7384,196g
7498,196g
7568,196g
7553,196g
7495,196g
7467,196g
7525,196g
7454,196g
7436,196g
7475,196g
7518,196g
7421,196g
7479,196g
7491,196g
7526,196g
7420,196g
7473,196g
7478,196g
7509,196g
7554,196g
7659,196g
7572,196g
7485,196g
7448,196g
7384,196g
7489,196g
7518,196g
7556,196g
7488,196g
7476,196g
7513,196g
7548,196g
7481,196g
7498,196g
7494,196g
7553,196g
7444,196g
7450,196g
7554,196g
7540,196g
7601,196g
7486,196g
7419,196g
7534,196g
7548,196g
7514,196g
7516,196g
7454,196g
7465,196g
7452,196g
7461,196g
7572,196g
7525,196g
7483,196g
7559,196g
7540,196g
7501,196g
7444,196g
7423,196g
7516,196g
7624,196g
7603,196g
7497,196g
7515,196g
7489,196g
7527,196g
7445,196g
7491,196g
7513,196g
7507,196g
7515,196g
7521,196g
7513,196g
7555,196g
7501,196g
7515,196g
7545,196g
7605,196g
7594,196g
7595,196g
7469,196g
7429,196g
7564,196g
7642,196g
7578,196g
7492,196g
7292,196g
7446,196g
7401,196g
7436,196g
7525,196g
7508,196g
7477,196g
7573,196g
7461,196g
7444,196g
7462,196g
7446,196g
7444,196g
7450,196g
7404,196g
7480,196g
7496,196g
7393,196g
7443,196g
7541,196g
7458,196g
7499,196g
7536,196g
7513,196g
7422,196g
7571,196g
7567,196g
7350,196g
7307,196g
7403,196g
7349,196g
7397,196g
7382,196g
7482,196g
7522,196g
7510,196g
7510,196g
7585,196g
7548,196g
7572,196g
7597,196g
7519,196g
7424,196g
7518,196g
7538,196g
7493,196g
7501,196g
7543,196g
7535,196g
7372,196g
7439,196g
7465,196g
7505,196g
7557,196g
7425,196g
7343,196g
7370,196g
7561,196g
7554,196g
7461,196g
7580,196g
7556,196g
7523,196g
7576,196g
7485,196g
7444,196g
7482,196g
7449,196g
7442,196g
7459,196g
7432,196g
7436,196g
7484,196g
7342,196g
7405,196g
7586,196g
7537,196g
7660,196g
7569,196g
7495,196g
7511,196g
7552,196g
7594,196g
7518,196g
7473,196g
7471,196g
7419,196g
7497,196g
7479,196g
7441,196g
7415,196g
7410,196g
7444,196g
7565,196g
7527,196g
7465,196g
7593,196g
7577,196g
7429,196g
7459,196g
7476,196g
7519,196g
7545,196g
7495,196g
7409,196g
7474,196g
7523,196g
7392,196g
7487,196g
7394,196g
7470,196g
7541,196g
7527,196g
7531,196g
7472,196g
7449,196g
7454,196g
7342,196g
7405,196g
7467,196g
7521,196g
7537,196g
7457,196g
7511,196g
7447,196g
7417,196g
7363,196g
7429,196g
7424,196g
7503,196g
7376,196g
7462,196g
7528,196g
7447,196g
7387,196g
7511,196g
7592,196g
7450,196g
7422,196g
7519,196g
7500,196g
7473,196g
7486,196g
7489,196g
7499,196g
7471,196g
7459,196g
7561,196g
7517,196g
7439,196g
7523,196g
7550,196g
7514,196g
7519,196g
7564,196g
7494,196g
7515,196g
7475,196g
7356,196g
7314,196g
7410,196g
7516,196g
7484,196g
7401,196g
7420,196g
7508,196g
7614,196g
7588,196g
7501,196g
7412,196g
7436,196g
7505,196g
7491,196g
7601,196g
7579,196g
7455,196g
7344,196g
7514,196g
7574,196g
7494,196g
7485,196g
7553,196g
7494,196g
7452,196g
7479,196g
7401,196g
7451,196g
7500,196g
7424,196g
7495,196g
7537,196g
7486,196g
7456,196g
7422,196g
7404,196g
7406,196g
7474,196g
7474,196g
7465,196g
7545,196g
7480,196g
7456,196g
7484,196g
7430,196g
7415,196g
7500,196g
7586,196g
7475,196g
7460,196g
7423,196g
7448,196g
7402,196g
7388,196g
7434,196g
7410,196g
7539,196g
7413,196g
7470,196g
7587,196g
7497,196g
7500,196g
7513,196g
7476,196g
7476,196g
7576,196g
7549,196g
7405,196g
7397,196g
7483,196g
7490,196g
7461,196g
7442,196g
7400,196g
7480,196g
7454,196g
7458,196g
7468,196g
7510,196g
7458,196g
7518,196g
7502,196g
7465,196g
7479,196g
7482,196g
7465,196g
7513,196g
7490,196g
7470,196g
7587,196g
7612,196g
7579,196g
7468,196g
7533,196g
7614,196g
7615,196g
7571,196g
7566,196g
7527,196g
7466,196g
7459,196g
7433,196g
7498,196g
7440,196g
7431,196g
7502,196g
7381,196g
7496,196g
7479,196g
7458,196g
7378,196g
7433,196g
7586,196g
7593,196g
7515,196g
7496,196g
7441,196g
7479,196g
7503,196g
7507,196g
7510,196g
7500,196g
7508,196g
7457,196g
7320,196g
7345,196g
7440,196g
7494,196g
7503,196g
7464,196g
7480,196g
7522,196g
7557,196g
7457,196g
7393,196g
7395,196g
7438,196g
7562,196g
7631,196g
7543,196g
7421,196g
7361,196g
7413,196g
7558,196g
7512,196g
7455,196g
7484,196g
7447,196g
7404,196g
7502,196g
7390,196g
7498,196g
7528,196g
7587,196g
7483,196g
7466,196g
7558,196g
7528,196g
7527,196g
7543,196g
7576,196g
7601,196g
7489,196g
7572,196g
7512,196g
7465,196g
7512,196g
7564,196g
7543,196g
7480,196g
7585,196g
7627,196g
7443,196g
7353,196g
7417,196g
7546,196g
7551,196g
7582,196g
7509,196g
7416,196g
7462,196g
7527,196g
7417,196g
7514,196g
7544,196g
7483,196g
7428,196g
7481,196g
7536,196g
7552,196g
7492,196g
7457,196g
7475,196g
7422,196g
7431,196g
7449,196g
7440,196g
7473,196g
7526,196g
7587,196g
7592,196g
7500,196g
7419,196g
7414,196g
7545,196g
7420,196g
7443,196g
7500,196g
7472,196g
7451,196g
7401,196g
7345,196g
7366,196g
7369,196g
7364,196g
7413,196g
7403,196g
7419,196g
7483,196g
7493,196g
7480,196g
7417,196g
7510,196g
7537,196g
7509,196g
7576,196g
7576,196g
7454,196g
7446,196g
7470,196g
7478,196g
7391,196g
7428,196g
7417,196g
7455,196g
7382,196g
7459,196g
7414,196g
7429,196g
7541,196g
7687,196g
7569,196g
7404,196g
7448,196g
7475,196g
7558,196g
7518,196g
7481,196g
7486,196g
7496,196g
7487,196g
7395,196g
7429,196g
7593,196g
7463,196g
7440,196g
7498,196g
7461,196g
7472,196g
7608,196g
7600,196g
7543,196g
7399,196g
7429,196g
7470,196g
7512,196g
7442,196g
7486,196g
7441,196g
7422,196g
7477,196g
7466,196g
7484,196g
7554,196g
7582,196g
7582,196g
7673,196g
7608,196g
7535,196g
7553,196g
7486,196g
7428,196g
7449,196g
7486,196g
7410,196g
7400,196g
7484,196g
7528,196g
7474,196g
7434,196g
7344,196g
7409,196g
7411,196g
7378,196g
7319,196g
7451,196g
7473,196g
7508,196g
7500,196g
7477,196g
7371,196g
7398,196g
7294,196g
7383,196g
7374,196g
7382,196g
7352,196g
7432,196g
7378,196g
7336,196g
7434,196g
7525,196g
7459,196g
7443,196g
7378,196g
7543,196g
7588,196g
7507,196g
7438,196g
7424,196g
7345,196g
7349,196g
7371,196g
7362,196g
7398,196g
7489,196g
7444,196g
7451,196g
7383,196g
7383,196g
7310,196g
7381,196g
7549,196g
7607,196g
7568,196g
7440,196g
7446,196g
7447,196g
7258,196g
7345,196g
7381,196g
7422,196g
7402,196g
7469,196g
7447,196g
7500,196g
7564,196g
7468,196g
7464,196g
7458,196g
7459,196g
7380,196g
7286,196g
7391,196g
7553,196g
7500,196g
7470,196g
7610,196g
7603,196g
7450,196g
7452,196g
7485,196g
7526,196g
7559,196g
7534,196g
7575,196g
7531,196g
7480,196g
7503,196g
7491,196g
7516,196g
7577,196g
7542,196g
7409,196g
7343,196g
7333,196g
7419,196g
7514,196g
7518,196g
7433,196g
7392,196g
7381,196g
7412,196g
7500,196g
7457,196g
7490,196g
7475,196g
7401,196g
7395,196g
7444,196g
7521,196g
7529,196g
7482,196g
7500,196g
7474,196g
7494,196g
7463,196g
7503,196g
7568,196g
7457,196g
7431,196g
7565,196g
7579,196g
7620,196g
7532,196g
7515,196g
7518,196g
7508,196g
7413,196g
7373,196g
7487,196g
7521,196g
7503,196g
7430,196g
7413,196g
7353,196g
7447,196g
7479,196g
7434,196g
7447,196g
7553,196g
7479,196g
7462,196g
7453,196g
7471,196g
7490,196g
7490,196g
7371,196g
7381,196g
7455,196g
7475,196g
7443,196g
7505,196g
7443,196g
7403,196g
7416,196g
7413,196g
7426,196g
7411,196g
7439,196g
7503,196g
7532,196g
7471,196g
7512,196g
7461,196g
7372,196g
7416,196g
7444,196g
7445,196g
7491,196g
7452,196g
7450,196g
7555,196g
7636,196g
7545,196g
7423,196g
7414,196g
7543,196g
7486,196g
7488,196g
7469,196g
7407,196g
7374,196g
7382,196g
7412,196g
7535,196g
7532,196g
7475,196g
7444,196g
7363,196g
7398,196g
7445,196g
7487,196g
7563,196g
7462,196g
7340,196g
7466,196g
7612,196g
7515,196g
7470,196g
7366,196g
7398,196g
7397,196g
7379,196g
7414,196g
7408,196g
7458,196g
7416,196g
7335,196g
7467,196g
7403,196g
7397,196g
7561,196g
7547,196g
7528,196g
7523,196g
7448,196g
7467,196g
7382,196g
7353,196g
7524,196g
7434,196g
7322,196g
7448,196g
7456,196g
7478,196g
7601,196g
7529,196g
7373,196g
7442,196g
7570,196g
7608,196g
7421,196g
7469,196g
7525,196g
7432,196g
7378,196g
7435,196g
7416,196g
7454,196g
7418,196g
7504,196g
7482,196g
7492,196g
7469,196g
7388,196g
7516,196g
7600,196g
7423,196g
7360,196g
7417,196g
7447,196g
7468,196g
7579,196g
7498,196g
7518,196g
7418,196g
7480,196g
7559,196g
7579,196g
7523,196g
7406,196g
7489,196g
7482,196g
7551,196g
7511,196g
7509,196g
7444,196g
7450,196g
7453,196g
7435,196g
7480,196g
7505,196g
7487,196g
7444,196g
7408,196g
7342,196g
7301,196g
7312,196g
7429,196g
7534,196g
7471,196g
7410,196g
7513,196g
7520,196g
7457,196g
7427,196g
7425,196g
7477,196g
7501,196g
7398,196g
7417,196g
7454,196g
7480,196g
7358,196g
7608,196g
7498,196g
7406,196g
7391,196g
7412,196g
7432,196g
7475,196g
7532,196g
7566,196g
