Infinix,195g
7780,195g
7777,195g
7829,195g
7733,195g
7776,195g
7726,195g
7659,195g
7634,195g
7711,195g
7790,195g
7830,195g
7810,195g
7873,195g
7812,195g
7791,195g
7706,195g
7792,195g
7808,195g
7824,195g
7902,195g
7711,195g
7703,195g
7807,195g
7735,195g
7812,195g
7891,195g
7778,195g
7756,195g
7737,195g
7849,195g
7860,195g
7851,195g
7878,195g
7865,195g
7887,195g
7649,195g
6973,195g
6980,195g
6983,195g
7035,195g
6935,195g
6860,195g
7092,195g
7026,195g
6897,195g
6989,195g
7013,195g
7025,195g
7037,195g
7062,195g
7100,195g
7029,195g
7025,195g
6959,195g
7056,195g
7069,195g
7135,195g
7158,195g
6999,195g
6889,195g
7075,195g
7121,195g
7171,195g
7095,195g
7014,195g
7138,195g
7037,195g
6965,195g
7090,195g
7117,195g
7114,195g
7141,195g
7088,195g
7064,195g
7100,195g
7058,195g
7035,195g
6947,195g
6909,195g
6944,195g
7075,195g
6996,195g
7017,195g
7072,195g
7057,195g
6931,195g
6896,195g
6942,195g
6902,195g
6920,195g
7005,195g
6994,195g
6864,195g
6963,195g
6899,195g
6870,195g
7007,195g
7062,195g
6899,195g
6959,195g
7036,195g
7025,195g
6958,195g
7001,195g
7093,195g
7061,195g
6984,195g
7025,195g
6968,195g
6970,195g
6875,195g
6861,195g
7036,195g
7137,195g
7105,195g
7077,195g
7031,195g
7086,195g
7158,195g
7009,195g
7068,195g
7083,195g
6975,195g
7012,195g
7033,195g
6945,195g
6930,195g
7133,195g
7010,195g
6905,195g
7016,195g
6956,195g
7002,195g
7129,195g
7092,195g
7024,195g
6938,195g
6993,195g
7017,195g
6968,195g
7033,195g
7036,195g
7050,195g
7046,195g
7046,195g
7048,195g
6929,195g
6955,195g
6952,195g
7022,195g
7090,195g
7097,195g
7049,195g
7101,195g
7097,195g
6979,195g
6990,195g
6866,195g
6872,195g
7008,195g
7046,195g
7138,195g
7076,195g
6996,195g
6956,195g
6999,195g
7109,195g
7053,195g
7110,195g
7162,195g
7151,195g
7178,195g
7049,195g
6960,195g
6994,195g
6998,195g
7020,195g
6932,195g
6962,195g
7025,195g
6995,195g
7010,195g
7115,195g
7040,195g
7046,195g
7107,195g
7022,195g
6872,195g
6951,195g
7032,195g
6936,195g
6907,195g
6956,195g
6983,195g
6958,195g
7061,195g
7086,195g
7034,195g
7018,195g
7055,195g
7024,195g
6998,195g
7044,195g
7040,195g
7056,195g
7095,195g
6977,195g
6974,195g
7042,195g
7039,195g
7061,195g
7045,195g
7019,195g
7020,195g
6945,195g
7000,195g
6985,195g
6989,195g
7016,195g
6995,195g
7052,195g
7056,195g
7120,195g
7055,195g
7010,195g
7059,195g
6994,195g
7024,195g
7028,195g
7069,195g
7039,195g
7092,195g
7052,195g
7113,195g
7163,195g
7190,195g
7087,195g
6942,195g
6972,195g
7055,195g
7002,195g
6991,195g
7080,195g
7048,195g
7041,195g
7034,195g
7029,195g
6994,195g
6936,195g
7010,195g
6994,195g
7007,195g
6991,195g
6914,195g
6975,195g
6986,195g
6960,195g
7067,195g
6954,195g
7001,195g
7036,195g
7065,195g
7100,195g
7001,195g
6998,195g
6963,195g
7008,195g
7108,195g
7016,195g
7034,195g
6999,195g
6943,195g
6947,195g
6966,195g
6952,195g
6950,195g
7072,195g
7083,195g
6877,195g
6911,195g
7000,195g
7043,195g
7105,195g
6994,195g
6934,195g
7069,195g
7025,195g
7050,195g
6903,195g
6818,195g
6873,195g
6996,195g
6988,195g
7041,195g
7135,195g
7127,195g
6989,195g
6984,195g
6914,195g
6945,195g
7042,195g
7051,195g
7024,195g
6940,195g
6979,195g
7031,195g
7031,195g
6997,195g
6992,195g
7027,195g
6932,195g
6884,195g
6994,195g
6967,195g
6996,195g
7032,195g
7027,195g
6943,195g
6952,195g
7008,195g
6981,195g
7029,195g
6974,195g
6923,195g
6995,195g
6919,195g
6958,195g
7006,195g
6909,195g
6925,195g
6935,195g
6878,195g
6977,195g
7056,195g
7038,195g
7032,195g
6957,195g
6897,195g
7061,195g
6987,195g
7014,195g
7014,195g
7056,195g
7020,195g
6952,195g
7030,195g
7052,195g
7084,195g
7069,195g
7055,195g
7046,195g
6945,195g
6939,195g
6978,195g
6936,195g
7025,195g
7073,195g
6936,195g
6920,195g
6948,195g
7030,195g
7024,195g
6956,195g
6989,195g
7011,195g
6944,195g
6997,195g
7080,195g
7067,195g
7076,195g
7178,195g
7088,195g
7062,195g
7146,195g
7209,195g
7095,195g
6981,195g
7032,195g
7151,195g
7116,195g
7068,195g
7045,195g
7047,195g
7066,195g
7146,195g
7049,195g
6977,195g
7004,195g
6961,195g
6980,195g
7073,195g
7075,195g
6923,195g
6947,195g
7044,195g
7037,195g
7010,195g
7003,195g
7021,195g
7017,195g
7002,195g
7048,195g
7045,195g
6973,195g
6976,195g
6980,195g
6918,195g
7000,195g
6964,195g
7103,195g
7022,195g
7074,195g
7060,195g
7019,195g
7107,195g
7077,195g
7025,195g
7132,195g
7078,195g
7088,195g
6988,195g
7059,195g
7130,195g
6976,195g
7048,195g
7089,195g
6890,195g
6917,195g
7005,195g
7063,195g
7035,195g
7014,195g
7024,195g
7020,195g
7018,195g
6950,195g
7000,195g
7025,195g
7017,195g
7021,195g
7062,195g
7106,195g
7119,195g
7111,195g
7065,195g
7046,195g
7023,195g
6983,195g
7079,195g
7223,195g
7253,195g
7220,195g
7128,195g
7139,195g
7132,195g
7162,195g
7108,195g
7092,195g
7111,195g
7136,195g
7091,195g
7202,195g
7217,195g
7219,195g
7193,195g
7170,195g
7162,195g
7204,195g
7316,195g
7349,195g
7362,195g
7403,195g
7377,195g
7183,195g
7126,195g
7220,195g
7350,195g
7304,195g
7245,195g
7301,195g
7287,195g
7362,195g
7306,195g
7226,195g
7292,195g
7334,195g
7306,195g
7222,195g
7236,195g
7284,195g
7223,195g
7237,195g
7207,195g
7211,195g
7312,195g
7212,195g
7236,195g
7332,195g
7323,195g
7258,195g
7265,195g
7244,195g
7252,195g
7246,195g
7270,195g
7207,195g
7205,195g
7214,195g
7249,195g
7240,195g
7154,195g
7247,195g
7194,195g
7092,195g
7363,195g
7326,195g
7269,195g
7146,195g
7095,195g
7165,195g
7148,195g
7155,195g
7174,195g
7204,195g
7266,195g
7195,195g
7261,195g
7222,195g
7217,195g
7165,195g
7065,195g
7128,195g
7056,195g
7097,195g
7154,195g
7206,195g
7233,195g
7163,195g
7181,195g
7186,195g
7097,195g
7110,195g
7236,195g
7181,195g
7083,195g
7170,195g
7076,195g
7196,195g
7313,195g
7248,195g
7261,195g
7176,195g
7226,195g
7195,195g
7190,195g
7181,195g
7148,195g
7110,195g
7211,195g
7112,195g
7010,195g
7071,195g
7159,195g
7148,195g
7061,195g
7193,195g
7262,195g
7141,195g
7099,195g
7075,195g
7178,195g
7164,195g
7061,195g
7139,195g
7112,195g
7079,195g
7120,195g
7078,195g
7125,195g
7141,195g
6969,195g
6966,195g
7121,195g
7202,195g
7202,195g
7049,195g
7084,195g
7069,195g
7204,195g
7128,195g
7022,195g
7148,195g
7132,195g
7044,195g
7129,195g
7040,195g
6976,195g
6855,195g
6976,195g
7174,195g
7158,195g
7170,195g
7002,195g
7120,195g
7169,195g
7135,195g
7145,195g
7126,195g
7174,195g
7241,195g
7263,195g
7151,195g
7114,195g
7138,195g
7197,195g
7199,195g
7190,195g
7099,195g
6987,195g
7098,195g
7278,195g
7207,195g
7199,195g
7136,195g
7110,195g
7033,195g
7143,195g
7306,195g
7384,195g
7257,195g
7115,195g
7087,195g
7141,195g
7204,195g
7266,195g
7282,195g
7218,195g
7127,195g
7132,195g
7115,195g
7100,195g
7235,195g
7316,195g
7234,195g
7206,195g
7233,195g
7232,195g
7216,195g
7236,195g
7255,195g
7192,195g
7256,195g
7376,195g
7249,195g
7212,195g
7217,195g
7234,195g
7246,195g
7216,195g
7258,195g
7288,195g
7322,195g
7262,195g
7346,195g
7577,195g
7472,195g
7205,195g
7121,195g
7172,195g
7303,195g
7274,195g
7244,195g
7269,195g
7359,195g
7391,195g
7392,195g
7396,195g
7329,195g
7383,195g
7334,195g
7178,195g
7311,195g
7429,195g
7481,195g
7395,195g
7362,195g
7418,195g
7413,195g
7380,195g
7469,195g
7366,195g
7477,195g
7500,195g
7523,195g
7481,195g
7457,195g
7500,195g
7565,195g
7548,195g
7494,195g
7484,195g
7401,195g
7369,195g
7386,195g
7562,195g
7404,195g
7368,195g
7611,195g
7484,195g
7504,195g
7434,195g
7433,195g
7449,195g
7372,195g
7390,195g
7429,195g
7505,195g
7553,195g
7505,195g
7474,195g
7492,195g
7487,195g
7472,195g
7357,195g
7435,195g
7512,195g
7593,195g
7547,195g
7543,195g
7543,195g
7387,195g
7446,195g
7462,195g
7351,195g
7331,195g
7315,195g
7305,195g
7436,195g
7508,195g
7460,195g
7426,195g
7508,195g
7483,195g
7305,195g
7433,195g
7412,195g
7498,195g
7521,195g
7517,195g
7407,195g
7378,195g
7387,195g
7457,195g
7598,195g
7442,195g
7318,195g
7456,195g
7370,195g
7419,195g
7440,195g
7405,195g
7437,195g
7432,195g
7403,195g
7485,195g
7488,195g
7449,195g
7357,195g
7405,195g
7480,195g
7469,195g
7523,195g
7537,195g
7448,195g
7492,195g
7481,195g
7493,195g
7466,195g
7498,195g
7462,195g
7446,195g
7427,195g
7454,195g
7538,195g
7472,195g
7470,195g
7496,195g
7464,195g
7395,195g
7442,195g
7501,195g
7457,195g
7418,195g
7488,195g
7496,195g
7454,195g
7494,195g
7493,195g
7523,195g
7568,195g
7665,195g
7629,195g
7596,195g
7564,195g
7566,195g
7523,195g
7398,195g
7469,195g
7554,195g
7516,195g
7437,195g
7411,195g
7430,195g
7500,195g
7513,195g
7382,195g
7502,195g
7567,195g
7571,195g
7656,195g
7642,195g
7588,195g
7476,195g
7545,195g
7626,195g
7557,195g
7480,195g
7526,195g
7534,195g
7516,195g
7551,195g
7453,195g
7548,195g
7666,195g
7678,195g
7546,195g
7543,195g
7485,195g
7508,195g
7513,195g
7617,195g
7643,195g
7490,195g
7556,195g
7600,195g
7530,195g
7558,195g
7588,195g
7582,195g
7603,195g
7621,195g
7523,195g
7559,195g
7628,195g
7499,195g
7419,195g
7433,195g
7571,195g
7514,195g
7618,195g
7505,195g
7463,195g
7500,195g
7452,195g
7574,195g
7603,195g
7376,195g
7337,195g
7422,195g
7526,195g
7548,195g
7588,195g
7588,195g
7553,195g
7492,195g
7390,195g
7542,195g
7558,195g
7468,195g
7400,195g
7467,195g
7571,195g
7506,195g
7471,195g
7454,195g
7439,195g
7461,195g
7450,195g
7456,195g
7448,195g
7450,195g
7455,195g
7500,195g
7506,195g
7599,195g
7497,195g
7425,195g
7553,195g
7527,195g
7412,195g
7455,195g
7485,195g
7568,195g
7597,195g
7526,195g
7530,195g
7503,195g
7559,195g
7528,195g
7511,195g
7538,195g
7563,195g
7598,195g
7669,195g
7653,195g
7526,195g
7509,195g
7395,195g
7396,195g
7569,195g
7567,195g
7663,195g
7659,195g
7604,195g
7562,195g
7561,195g
7554,195g
7545,195g
7433,195g
7492,195g
7607,195g
7572,195g
7604,195g
7667,195g
7617,195g
7498,195g
7525,195g
7549,195g
7552,195g
7621,195g
7599,195g
7576,195g
7573,195g
7739,195g
7761,195g
7551,195g
7543,195g
7568,195g
7575,195g
7696,195g
7606,195g
7583,195g
7643,195g
7676,195g
7677,195g
7731,195g
7656,195g
7610,195g
7675,195g
7635,195g
7586,195g
7672,195g
7659,195g
7612,195g
7494,195g
7444,195g
7459,195g
7547,195g
7632,195g
7564,195g
7509,195g
7659,195g
7590,195g
7578,195g
7604,195g
7651,195g
7635,195g
7684,195g
7676,195g
7681,195g
7537,195g
7503,195g
7660,195g
7652,195g
7561,195g
7519,195g
7565,195g
7607,195g
7529,195g
7473,195g
7501,195g
7509,195g
7443,195g
7327,195g
7460,195g
7521,195g
7523,195g
7571,195g
7537,195g
7508,195g
7553,195g
7536,195g
7535,195g
7512,195g
7464,195g
7589,195g
7482,195g
7383,195g
7434,195g
7454,195g
7469,195g
7511,195g
7557,195g
7532,195g
7570,195g
7501,195g
7374,195g
7311,195g
7265,195g
7486,195g
7477,195g
7370,195g
7428,195g
7477,195g
7413,195g
7463,195g
7455,195g
7479,195g
7456,195g
7444,195g
7416,195g
7402,195g
7353,195g
7372,195g
7337,195g
7356,195g
7383,195g
7410,195g
7265,195g
7372,195g
7419,195g
7425,195g
7371,195g
7417,195g
7319,195g
7306,195g
7266,195g
7380,195g
7307,195g
7327,195g
7343,195g
7323,195g
7321,195g
7279,195g
7277,195g
7431,195g
7457,195g
7360,195g
7354,195g
7169,195g
7183,195g
7283,195g
7265,195g
7348,195g
7305,195g
7326,195g
7297,195g
7152,195g
7206,195g
7339,195g
7362,195g
7366,195g
7309,195g
7254,195g
7297,195g
7273,195g
7286,195g
7377,195g
7358,195g
7327,195g
7320,195g
7299,195g
7273,195g
7226,195g
7240,195g
7339,195g
7323,195g
7234,195g
7441,195g
7387,195g
7423,195g
7403,195g
7352,195g
7328,195g
7345,195g
7285,195g
7263,195g
7325,195g
7446,195g
7475,195g
7371,195g
7390,195g
7516,195g
7520,195g
7411,195g
7406,195g
7388,195g
7334,195g
7373,195g
7386,195g
7411,195g
7462,195g
7458,195g
7436,195g
7506,195g
7548,195g
7404,195g
7427,195g
7471,195g
7462,195g
7405,195g
7503,195g
7520,195g
7558,195g
7552,195g
7478,195g
7444,195g
7409,195g
7441,195g
7441,195g
7554,195g
7510,195g
7442,195g
7455,195g
7409,195g
7393,195g
7423,195g
7417,195g
7442,195g
7404,195g
7395,195g
7427,195g
7457,195g
7418,195g
7380,195g
7434,195g
7421,195g
7525,195g
7593,195g
7516,195g
7432,195g
7419,195g
7428,195g
7497,195g
7461,195g
7421,195g
7424,195g
7398,195g
7500,195g
7341,195g
7257,195g
7403,195g
7441,195g
7396,195g
7389,195g
7450,195g
7525,195g
7414,195g
7345,195g
7434,195g
7472,195g
7555,195g
7447,195g
7451,195g
7497,195g
7450,195g
7445,195g
7424,195g
7383,195g
7393,195g
7398,195g
7387,195g
7419,195g
7389,195g
7393,195g
7386,195g
7386,195g
7422,195g
7432,195g
7434,195g
7465,195g
7466,195g
7418,195g
7479,195g
7412,195g
7439,195g
7420,195g
7449,195g
7476,195g
7453,195g
7327,195g
7411,195g
7523,195g
7494,195g
7400,195g
7438,195g
7469,195g
7405,195g
7403,195g
7337,195g
7237,195g
7292,195g
7421,195g
7466,195g
7549,195g
7450,195g
7424,195g
7295,195g
7386,195g
7424,195g
7420,195g
7360,195g
7383,195g
7304,195g
7341,195g
7318,195g
7328,195g
7322,195g
7299,195g
7386,195g
7358,195g
7243,195g
7327,195g
7341,195g
7323,195g
7378,195g
7338,195g
7418,195g
7443,195g
7306,195g
7259,195g
7350,195g
7315,195g
7248,195g
7345,195g
7374,195g
7253,195g
7261,195g
7236,195g
7388,195g
7339,195g
7309,195g
7367,195g
7282,195g
7285,195g
7327,195g
7369,195g
7279,195g
7280,195g
7254,195g
7167,195g
7199,195g
7119,195g
7096,195g
7163,195g
7266,195g
7323,195g
7314,195g
7376,195g
7217,195g
7329,195g
7389,195g
7362,195g
7243,195g
7198,195g
7169,195g
7185,195g
7231,195g
7242,195g
7217,195g
7249,195g
7167,195g
7213,195g
7217,195g
7175,195g
7195,195g
7247,195g
7264,195g
7209,195g
7190,195g
7174,195g
7144,195g
7174,195g
7202,195g
7264,195g
7240,195g
7130,195g
7083,195g
7228,195g
7243,195g
7235,195g
7039,195g
6997,195g
6976,195g
7015,195g
7134,195g
7039,195g
7102,195g
7100,195g
7047,195g
7051,195g
7129,195g
7216,195g
7191,195g
7184,195g
7167,195g
7071,195g
7080,195g
7094,195g
7075,195g
7063,195g
7052,195g
7042,195g
6933,195g
7052,195g
7045,195g
7000,195g
7108,195g
7087,195g
7003,195g
7038,195g
7140,195g
7101,195g
6951,195g
6985,195g
7050,195g
7015,195g
7000,195g
7019,195g
7044,195g
7058,195g
7043,195g
6978,195g
6962,195g
7162,195g
7147,195g
7050,195g
7117,195g
7147,195g
7083,195g
7143,195g
7032,195g
6951,195g
6990,195g
7046,195g
7043,195g
7112,195g
7142,195g
7045,195g
7100,195g
7037,195g
7106,195g
7099,195g
7116,195g
7155,195g
7147,195g
7019,195g
6912,195g
7056,195g
7154,195g
7079,195g
7100,195g
7051,195g
6954,195g
7000,195g
6979,195g
7075,195g
6968,195g
7026,195g
6968,195g
6962,195g
7035,195g
7042,195g
7096,195g
7019,195g
6982,195g
6952,195g
6796,195g
6845,195g
6972,195g
6994,195g
7093,195g
7090,195g
6974,195g
6952,195g
6978,195g
7092,195g
7100,195g
6971,195g
6967,195g
7139,195g
7054,195g
6947,195g
7026,195g
7120,195g
7105,195g
7175,195g
7102,195g
7046,195g
7058,195g
6946,195g
7085,195g
7213,195g
7107,195g
7029,195g
7035,195g
7023,195g
6911,195g
6866,195g
6887,195g
7050,195g
7050,195g
6995,195g
7026,195g
7021,195g
7068,195g
6929,195g
6967,195g
7104,195g
7055,195g
7020,195g
7094,195g
7051,195g
7078,195g
7207,195g
7097,195g
7017,195g
6973,195g
6999,195g
7122,195g
7073,195g
6996,195g
6976,195g
7049,195g
7089,195g
7065,195g
6990,195g
6958,195g
6992,195g
7014,195g
6970,195g
6924,195g
6958,195g
7061,195g
7106,195g
7015,195g
6919,195g
7055,195g
7175,195g
7167,195g
7162,195g
7004,195g
6937,195g
6904,195g
7010,195g
7118,195g
6979,195g
6940,195g
7034,195g
6974,195g
6974,195g
7020,195g
6960,195g
6988,195g
7134,195g
7115,195g
7192,195g
7247,195g
7177,195g
7179,195g
7122,195g
7058,195g
7018,195g
7059,195g
7016,195g
7022,195g
7033,195g
7096,195g
7117,195g
7183,195g
7206,195g
7166,195g
7160,195g
7095,195g
7138,195g
7095,195g
7099,195g
7070,195g
6983,195g
7098,195g
7154,195g
7138,195g
7015,195g
7075,195g
7118,195g
7212,195g
7180,195g
7251,195g
7268,195g
7188,195g
7223,195g
7204,195g
7275,195g
7250,195g
7219,195g
7273,195g
7215,195g
7236,195g
7254,195g
7327,195g
7243,195g
7147,195g
7122,195g
7213,195g
7327,195g
7268,195g
7219,195g
7273,195g
7360,195g
7380,195g
7255,195g
7325,195g
7333,195g
7165,195g
7269,195g
7242,195g
7303,195g
7250,195g
7294,195g
7312,195g
7368,195g
7262,195g
7243,195g
7217,195g
7216,195g
7256,195g
7277,195g
7238,195g
7243,195g
7248,195g
7291,195g
7401,195g
7367,195g
7236,195g
7294,195g
7317,195g
7248,195g
7376,195g
7369,195g
7338,195g
7321,195g
7292,195g
7348,195g
7323,195g
7361,195g
7402,195g
7373,195g
7244,195g
7249,195g
7309,195g
7222,195g
7298,195g
7379,195g
7514,195g
7440,195g
7348,195g
7262,195g
7209,195g
7186,195g
7264,195g
7285,195g
7171,195g
7229,195g
7263,195g
7227,195g
7147,195g
7370,195g
7441,195g
7247,195g
7180,195g
7179,195g
7100,195g
7197,195g
7245,195g
7311,195g
7275,195g
7240,195g
7264,195g
7253,195g
7253,195g
7230,195g
7279,195g
7199,195g
7185,195g
7155,195g
7117,195g
7269,195g
7378,195g
7336,195g
7188,195g
7197,195g
7286,195g
7156,195g
7198,195g
7248,195g
7209,195g
7165,195g
7292,195g
7289,195g
7362,195g
7305,195g
7277,195g
7293,195g
7192,195g
7111,195g
7265,195g
7439,195g
7305,195g
7250,195g
7195,195g
7237,195g
7246,195g
7199,195g
7228,195g
7216,195g
7290,195g
7305,195g
7356,195g
7314,195g
7270,195g
7319,195g
7273,195g
7073,195g
7105,195g
7273,195g
7248,195g
7280,195g
7230,195g
7259,195g
7248,195g
7200,195g
7145,195g
7119,195g
7227,195g
7245,195g
7278,195g
7378,195g
7302,195g
7288,195g
7201,195g
7120,195g
7214,195g
7267,195g
7388,195g
7304,195g
7376,195g
7340,195g
7243,195g
7304,195g
7355,195g
7222,195g
7266,195g
7243,195g
7233,195g
7269,195g
7263,195g
7232,195g
7263,195g
7265,195g
7261,195g
7221,195g
7095,195g
7165,195g
7182,195g
7277,195g
7170,195g
7207,195g
7286,195g
7285,195g
7341,195g
7239,195g
7218,195g
7178,195g
7195,195g
7320,195g
7334,195g
7311,195g
7362,195g
7287,195g
7297,195g
7260,195g
7228,195g
7154,195g
7221,195g
7136,195g
7049,195g
7209,195g
7336,195g
7396,195g
7247,195g
7203,195g
7189,195g
7192,195g
7216,195g
7186,195g
7184,195g
7154,195g
7143,195g
7145,195g
7152,195g
7121,195g
7163,195g
7217,195g
7251,195g
7286,195g
7201,195g
7087,195g
7157,195g
7195,195g
7277,195g
7219,195g
7180,195g
7194,195g
7141,195g
7312,195g
7246,195g
7177,195g
7157,195g
7165,195g
7249,195g
7225,195g
7203,195g
7268,195g
7334,195g
7127,195g
7250,195g
7292,195g
7207,195g
7098,195g
7152,195g
7262,195g
7260,195g
7157,195g
7143,195g
7304,195g
7263,195g
7195,195g
7193,195g
7173,195g
7150,195g
7131,195g
7078,195g
7326,195g
7280,195g
7174,195g
7191,195g
7237,195g
7283,195g
7264,195g
7312,195g
7263,195g
7233,195g
7295,195g
7154,195g
7375,195g
7354,195g
7239,195g
7314,195g
7330,195g
7310,195g
7337,195g
7377,195g
7296,195g
7309,195g
7328,195g
7204,195g
7205,195g
7325,195g
7210,195g
7250,195g
7214,195g
7202,195g
7229,195g
7280,195g
7355,195g
7379,195g
7354,195g
7185,195g
7224,195g
7140,195g
7054,195g
7086,195g
7237,195g
7272,195g
7196,195g
7235,195g
7217,195g
7277,195g
7297,195g
7215,195g
7195,195g
7289,195g
7345,195g
7272,195g
7388,195g
7290,195g
7332,195g
7347,195g
7252,195g
7151,195g
7161,195g
7226,195g
7213,195g
7175,195g
7287,195g
7300,195g
7236,195g
7170,195g
7225,195g
7247,195g
7219,195g
7337,195g
7205,195g
7328,195g
7403,195g
7395,195g
7339,195g
7269,195g
7309,195g
7129,195g
7146,195g
7327,195g
7406,195g
7387,195g
7326,195g
7341,195g
7384,195g
7343,195g
7264,195g
7303,195g
7264,195g
7339,195g
7408,195g
7396,195g
7379,195g
7306,195g
7344,195g
7467,195g
7414,195g
7277,195g
7327,195g
7328,195g
7304,195g
7271,195g
7326,195g
7347,195g
7413,195g
7337,195g
7328,195g
7237,195g
7292,195g
7301,195g
7316,195g
7241,195g
7241,195g
7284,195g
7205,195g
7303,195g
7301,195g
7308,195g
7341,195g
7274,195g
7275,195g
7312,195g
7223,195g
7183,195g
7062,195g
7158,195g
7192,195g
7085,195g
7334,195g
7272,195g
7157,195g
7245,195g
7175,195g
7290,195g
7205,195g
7216,195g
7267,195g
7306,195g
7221,195g
7169,195g
7246,195g
7317,195g
7227,195g
7130,195g
7209,195g
7263,195g
7265,195g
7312,195g
7269,195g
7211,195g
7062,195g
7146,195g
7131,195g
6978,195g
6993,195g
7124,195g
7210,195g
7215,195g
7314,195g
7330,195g
7385,195g
7383,195g
7328,195g
7254,195g
7192,195g
7257,195g
7265,195g
7307,195g
7287,195g
7130,195g
7145,195g
7273,195g
7232,195g
7142,195g
7197,195g
7342,195g
7261,195g
7194,195g
7198,195g
7282,195g
7210,195g
7183,195g
7225,195g
7264,195g
7262,195g
