Iphone12Pro,189g
7896,189g
7888,189g
7918,189g
7970,189g
8020,189g
7928,189g
7895,189g
7929,189g
8019,189g
7873,189g
7859,189g
7834,189g
7921,189g
7909,189g
7984,189g
8001,189g
7953,189g
7935,189g
7834,189g
7851,189g
7908,189g
7797,189g
7815,189g
7955,189g
7964,189g
7922,189g
7944,189g
7969,189g
7886,189g
7859,189g
7928,189g
7854,189g
7920,189g
8033,189g
7920,189g
7834,189g
7953,189g
7941,189g
7970,189g
7928,189g
7978,189g
7967,189g
7912,189g
7875,189g
7964,189g
8041,189g
7999,189g
7864,189g
7869,189g
7882,189g
7946,189g
7939,189g
7929,189g
7875,189g
7883,189g
7918,189g
7958,189g
7895,189g
7879,189g
7980,189g
7950,189g
7791,189g
7912,189g
7847,189g
7787,189g
7775,189g
7945,189g
7943,189g
7973,189g
7884,189g
7957,189g
7948,189g
7966,189g
7993,189g
7952,189g
7927,189g
7812,189g
7800,189g
7894,189g
7881,189g
7917,189g
7920,189g
7746,189g
7707,189g
7691,189g
7730,189g
7838,189g
7923,189g
7862,189g
7779,189g
7815,189g
7921,189g
7768,189g
7757,189g
7805,189g
7827,189g
7781,189g
7774,189g
7721,189g
7842,189g
7906,189g
7890,189g
7885,189g
7822,189g
7722,189g
7666,189g
7699,189g
7800,189g
7843,189g
7768,189g
7779,189g
7690,189g
7721,189g
7628,189g
7719,189g
7836,189g
7737,189g
7831,189g
7811,189g
7874,189g
7790,189g
7704,189g
7724,189g
7772,189g
7757,189g
7693,189g
7686,189g
7852,189g
7926,189g
7752,189g
7724,189g
7621,189g
7598,189g
7731,189g
7681,189g
7716,189g
7646,189g
7782,189g
7802,189g
7716,189g
7682,189g
7726,189g
7758,189g
7742,189g
7655,189g
7649,189g
7646,189g
7659,189g
7606,189g
7610,189g
7667,189g
7709,189g
7745,189g
7729,189g
7732,189g
7685,189g
7724,189g
7715,189g
7723,189g
7639,189g
7785,189g
7756,189g
7744,189g
7765,189g
7736,189g
7674,189g
7749,189g
7668,189g
7647,189g
7772,189g
7736,189g
7725,189g
7695,189g
7686,189g
7779,189g
7755,189g
7709,189g
7701,189g
7739,189g
7715,189g
7643,189g
7637,189g
7645,189g
7697,189g
7718,189g
7712,189g
7695,189g
7620,189g
7683,189g
7766,189g
7755,189g
7677,189g
7758,189g
7780,189g
7759,189g
7749,189g
7704,189g
7646,189g
7676,189g
7736,189g
7618,189g
7653,189g
7749,189g
7847,189g
7653,189g
7591,189g
7590,189g
7672,189g
7756,189g
7764,189g
7780,189g
7802,189g
7764,189g
7659,189g
7666,189g
7721,189g
7799,189g
7829,189g
7746,189g
7825,189g
7818,189g
7745,189g
7751,189g
7795,189g
7817,189g
7736,189g
7680,189g
7816,189g
7859,189g
7744,189g
7651,189g
7723,189g
7870,189g
7894,189g
7781,189g
7543,189g
7870,189g
7844,189g
7798,189g
7780,189g
7667,189g
7705,189g
7732,189g
7764,189g
7783,189g
7782,189g
7808,189g
7796,189g
7723,189g
7734,189g
7745,189g
7729,189g
7713,189g
7842,189g
7952,189g
7935,189g
7899,189g
7779,189g
7809,189g
7774,189g
7713,189g
7641,189g
7686,189g
7774,189g
7800,189g
7765,189g
7777,189g
7757,189g
7824,189g
7898,189g
7845,189g
7753,189g
7810,189g
7775,189g
7747,189g
7865,189g
7793,189g
7793,189g
7765,189g
7721,189g
7741,189g
7712,189g
7726,189g
7833,189g
7767,189g
7776,189g
7845,189g
7857,189g
7712,189g
7786,189g
7746,189g
7798,189g
7786,189g
7850,189g
7868,189g
7892,189g
7893,189g
7848,189g
7801,189g
7749,189g
7723,189g
7754,189g
7742,189g
7880,189g
7916,189g
7917,189g
7760,189g
7776,189g
7758,189g
7860,189g
7851,189g
7695,189g
7785,189g
7845,189g
7778,189g
7843,189g
7791,189g
7737,189g
7680,189g
7705,189g
7878,189g
7982,189g
7886,189g
7868,189g
7865,189g
7921,189g
7898,189g
7849,189g
7870,189g
7813,189g
7776,189g
7801,189g
7727,189g
7745,189g
7816,189g
7889,189g
7757,189g
7870,189g
7973,189g
8016,189g
7913,189g
8002,189g
7960,189g
7973,189g
7892,189g
7791,189g
7842,189g
7836,189g
7721,189g
7821,189g
7904,189g
7873,189g
7880,189g
7853,189g
7855,189g
7979,189g
8018,189g
8051,189g
7997,189g
7938,189g
7898,189g
7977,189g
8078,189g
7959,189g
7863,189g
7938,189g
7932,189g
7937,189g
7913,189g
8025,189g
8122,189g
8029,189g
7936,189g
7909,189g
7899,189g
8034,189g
8019,189g
8002,189g
7981,189g
7975,189g
7991,189g
8066,189g
8146,189g
8082,189g
8034,189g
7953,189g
7955,189g
8008,189g
8065,189g
8024,189g
8068,189g
8148,189g
8016,189g
8006,189g
8083,189g
8096,189g
8057,189g
8131,189g
8069,189g
8020,189g
7924,189g
7993,189g
8071,189g
8112,189g
8031,189g
7926,189g
7963,189g
7921,189g
7976,189g
8081,189g
7986,189g
8122,189g
8150,189g
8007,189g
8085,189g
8128,189g
8052,189g
8042,189g
8015,189g
7976,189g
8057,189g
8008,189g
8069,189g
7963,189g
8018,189g
8023,189g
8139,189g
8080,189g
7987,189g
7963,189g
8089,189g
8154,189g
8114,189g
8052,189g
8055,189g
8094,189g
8019,189g
7954,189g
7961,189g
8036,189g
8072,189g
8013,189g
8044,189g
8061,189g
8046,189g
7997,189g
8076,189g
8097,189g
8090,189g
8082,189g
8103,189g
8056,189g
8092,189g
8075,189g
8002,189g
7946,189g
7964,189g
8016,189g
8073,189g
8129,189g
8004,189g
7984,189g
8121,189g
8296,189g
8170,189g
8184,189g
8118,189g
8037,189g
8162,189g
8341,189g
8231,189g
8125,189g
8162,189g
8118,189g
8081,189g
8057,189g
8067,189g
8074,189g
8047,189g
8058,189g
8213,189g
8156,189g
8190,189g
8245,189g
8163,189g
8191,189g
8235,189g
7999,189g
8021,189g
8155,189g
8247,189g
8325,189g
8337,189g
8161,189g
8127,189g
8150,189g
8116,189g
8096,189g
8182,189g
8155,189g
8226,189g
8029,189g
8084,189g
8083,189g
8132,189g
8242,189g
8103,189g
8094,189g
8131,189g
8127,189g
8106,189g
8166,189g
8264,189g
8130,189g
8021,189g
8111,189g
8123,189g
8120,189g
8194,189g
8096,189g
8213,189g
8343,189g
8224,189g
8217,189g
8243,189g
8250,189g
8132,189g
8271,189g
8264,189g
8253,189g
8262,189g
8199,189g
8209,189g
8189,189g
8215,189g
8188,189g
8191,189g
8200,189g
8169,189g
8181,189g
8172,189g
8219,189g
8285,189g
8216,189g
8101,189g
8069,189g
8172,189g
8188,189g
8158,189g
8104,189g
8146,189g
8231,189g
8202,189g
8073,189g
8130,189g
8133,189g
8150,189g
8209,189g
8144,189g
8138,189g
8149,189g
8165,189g
8234,189g
8275,189g
8163,189g
8165,189g
8176,189g
8189,189g
8157,189g
8258,189g
8206,189g
8275,189g
8174,189g
8173,189g
8151,189g
8028,189g
8024,189g
8116,189g
8176,189g
8232,189g
8267,189g
8291,189g
8218,189g
8227,189g
8281,189g
8177,189g
8198,189g
8315,189g
8243,189g
8175,189g
8116,189g
8151,189g
8232,189g
8296,189g
8239,189g
8181,189g
8290,189g
8295,189g
8304,189g
8291,189g
8269,189g
8285,189g
8404,189g
8404,189g
8220,189g
8328,189g
8283,189g
8147,189g
8364,189g
8410,189g
8328,189g
8202,189g
8133,189g
8176,189g
8154,189g
8232,189g
8254,189g
8262,189g
8141,189g
8199,189g
8274,189g
8221,189g
8364,189g
8330,189g
8204,189g
8224,189g
8155,189g
8009,189g
8119,189g
8155,189g
8113,189g
8188,189g
8202,189g
8120,189g
8025,189g
8071,189g
7954,189g
8033,189g
8137,189g
8189,189g
8131,189g
8074,189g
8103,189g
8161,189g
8102,189g
8063,189g
8123,189g
8075,189g
8193,189g
8185,189g
8146,189g
8125,189g
8132,189g
8175,189g
8063,189g
8055,189g
8081,189g
8235,189g
7987,189g
8047,189g
8102,189g
8084,189g
8039,189g
8085,189g
8154,189g
8156,189g
8127,189g
8060,189g
8074,189g
8005,189g
8069,189g
8025,189g
7990,189g
8105,189g
8208,189g
8026,189g
8034,189g
8109,189g
8151,189g
8078,189g
7944,189g
8139,189g
8243,189g
8171,189g
8079,189g
8053,189g
8001,189g
8035,189g
8030,189g
8055,189g
8088,189g
8017,189g
7966,189g
7944,189g
7889,189g
8036,189g
8125,189g
7993,189g
7878,189g
7965,189g
8012,189g
8147,189g
8204,189g
8132,189g
8145,189g
8009,189g
7981,189g
8098,189g
8079,189g
8099,189g
7990,189g
8073,189g
8033,189g
8048,189g
8027,189g
8040,189g
8023,189g
8111,189g
8057,189g
8027,189g
7928,189g
7913,189g
7982,189g
8013,189g
8116,189g
8036,189g
7960,189g
8013,189g
8072,189g
7935,189g
7994,189g
8032,189g
8061,189g
8064,189g
7981,189g
7986,189g
8011,189g
7998,189g
8024,189g
7952,189g
7948,189g
8042,189g
8068,189g
7987,189g
7964,189g
8031,189g
7862,189g
7868,189g
7958,189g
8008,189g
7967,189g
7973,189g
7982,189g
7946,189g
7957,189g
7932,189g
7968,189g
8046,189g
7990,189g
7915,189g
7910,189g
7889,189g
7821,189g
7889,189g
7885,189g
7763,189g
7810,189g
7916,189g
7854,189g
7776,189g
7797,189g
7795,189g
7855,189g
7934,189g
7876,189g
7819,189g
7846,189g
7948,189g
7774,189g
7652,189g
7764,189g
7734,189g
7823,189g
7775,189g
7846,189g
7855,189g
7637,189g
7698,189g
7774,189g
7677,189g
7721,189g
7741,189g
7760,189g
7894,189g
7854,189g
7796,189g
7727,189g
7722,189g
7773,189g
7706,189g
7819,189g
7751,189g
7756,189g
7781,189g
7695,189g
7717,189g
7777,189g
7853,189g
7833,189g
7779,189g
7725,189g
7745,189g
7655,189g
7671,189g
7723,189g
7817,189g
7804,189g
7732,189g
7773,189g
7819,189g
7733,189g
7691,189g
7742,189g
7715,189g
7709,189g
7644,189g
7686,189g
7694,189g
7711,189g
7661,189g
7693,189g
7739,189g
7756,189g
7665,189g
7660,189g
7676,189g
7742,189g
7752,189g
7704,189g
7744,189g
7828,189g
7824,189g
7658,189g
7655,189g
7689,189g
7730,189g
7772,189g
7726,189g
7610,189g
7703,189g
7645,189g
7765,189g
7726,189g
7640,189g
7748,189g
7780,189g
7787,189g
7886,189g
7735,189g
7560,189g
7619,189g
7484,189g
7526,189g
7668,189g
7785,189g
7762,189g
7716,189g
7676,189g
7752,189g
7743,189g
7796,189g
7805,189g
7725,189g
7736,189g
7732,189g
7715,189g
7744,189g
7780,189g
7797,189g
7756,189g
7850,189g
7901,189g
7944,189g
7733,189g
7737,189g
7835,189g
7683,189g
7714,189g
7737,189g
7673,189g
7793,189g
7779,189g
7764,189g
7776,189g
7721,189g
7632,189g
7720,189g
7786,189g
7654,189g
7637,189g
7647,189g
7640,189g
7562,189g
7625,189g
7833,189g
7860,189g
7791,189g
7699,189g
7845,189g
7903,189g
7807,189g
7807,189g
7783,189g
7728,189g
7707,189g
7693,189g
7712,189g
7677,189g
7678,189g
7715,189g
7747,189g
7839,189g
7856,189g
7948,189g
7973,189g
7751,189g
7732,189g
7853,189g
7800,189g
7734,189g
7863,189g
7791,189g
7770,189g
7789,189g
7730,189g
7813,189g
7912,189g
7967,189g
7892,189g
7725,189g
7834,189g
7912,189g
7936,189g
7839,189g
7782,189g
7745,189g
7815,189g
7778,189g
7725,189g
7785,189g
7797,189g
7833,189g
7799,189g
7679,189g
7789,189g
7780,189g
7737,189g
7796,189g
7865,189g
7851,189g
7923,189g
7788,189g
7723,189g
7842,189g
7905,189g
7945,189g
7857,189g
7921,189g
7922,189g
7850,189g
7873,189g
7841,189g
7901,189g
7987,189g
7930,189g
7862,189g
7833,189g
7788,189g
7734,189g
7743,189g
7751,189g
7752,189g
7852,189g
7871,189g
7877,189g
7841,189g
7790,189g
7837,189g
7871,189g
7829,189g
7782,189g
7786,189g
7831,189g
7952,189g
8011,189g
7972,189g
7840,189g
7878,189g
7963,189g
7890,189g
7898,189g
8028,189g
7977,189g
7862,189g
7812,189g
7841,189g
7860,189g
7930,189g
7846,189g
7818,189g
7953,189g
7861,189g
7936,189g
7914,189g
7899,189g
7943,189g
7880,189g
7882,189g
7917,189g
7857,189g
7786,189g
7898,189g
7931,189g
7876,189g
7972,189g
7851,189g
7888,189g
7838,189g
7937,189g
7979,189g
8005,189g
7960,189g
7887,189g
7893,189g
7901,189g
7914,189g
7937,189g
7889,189g
7883,189g
7839,189g
7729,189g
7772,189g
7798,189g
7904,189g
8000,189g
7959,189g
7819,189g
7880,189g
7907,189g
7896,189g
7828,189g
7808,189g
7863,189g
7799,189g
7681,189g
7695,189g
7801,189g
7805,189g
7911,189g
7897,189g
7879,189g
7838,189g
7876,189g
7875,189g
7858,189g
7851,189g
7774,189g
7828,189g
7912,189g
8019,189g
7997,189g
7929,189g
7795,189g
7780,189g
7931,189g
7874,189g
7774,189g
7835,189g
7909,189g
7844,189g
7899,189g
7922,189g
7952,189g
7811,189g
7731,189g
7825,189g
7798,189g
7718,189g
7758,189g
7859,189g
7824,189g
7783,189g
7803,189g
7792,189g
7756,189g
7721,189g
7821,189g
7954,189g
7904,189g
7812,189g
7836,189g
7868,189g
7854,189g
7828,189g
7821,189g
7856,189g
7931,189g
7900,189g
7760,189g
7781,189g
7798,189g
7896,189g
7959,189g
7865,189g
7868,189g
7841,189g
7832,189g
7832,189g
7792,189g
7836,189g
7844,189g
7831,189g
7883,189g
7924,189g
7859,189g
7870,189g
7925,189g
7895,189g
7770,189g
7815,189g
7879,189g
7890,189g
7837,189g
7780,189g
7817,189g
7848,189g
7941,189g
7892,189g
7773,189g
7737,189g
7690,189g
7762,189g
7771,189g
7858,189g
7855,189g
7759,189g
7885,189g
7887,189g
7865,189g
7842,189g
7818,189g
7836,189g
7888,189g
7836,189g
7833,189g
7850,189g
7822,189g
7814,189g
7882,189g
7725,189g
7746,189g
7763,189g
7652,189g
7771,189g
7803,189g
7812,189g
7759,189g
7812,189g
7707,189g
7855,189g
7904,189g
7852,189g
7822,189g
7780,189g
7771,189g
7746,189g
7772,189g
7842,189g
7874,189g
7767,189g
7720,189g
7687,189g
7747,189g
7877,189g
7880,189g
7833,189g
7742,189g
7792,189g
7685,189g
7684,189g
7809,189g
7856,189g
7915,189g
7740,189g
7770,189g
7950,189g
8014,189g
8012,189g
7898,189g
7887,189g
7890,189g
7839,189g
7877,189g
7659,189g
7725,189g
7720,189g
7790,189g
7723,189g
7791,189g
7883,189g
7803,189g
7794,189g
7809,189g
7820,189g
7791,189g
7825,189g
7792,189g
7759,189g
7836,189g
7728,189g
7789,189g
7862,189g
7882,189g
7793,189g
7830,189g
7794,189g
7778,189g
7784,189g
7740,189g
7863,189g
7871,189g
7793,189g
7800,189g
7760,189g
7835,189g
7821,189g
7737,189g
7789,189g
7694,189g
7816,189g
7891,189g
7744,189g
7769,189g
7873,189g
7873,189g
7890,189g
7822,189g
7779,189g
7734,189g
7702,189g
7756,189g
7732,189g
7814,189g
7777,189g
7752,189g
7738,189g
7674,189g
7666,189g
7699,189g
7858,189g
7803,189g
7827,189g
7753,189g
7721,189g
7710,189g
7606,189g
7710,189g
7751,189g
7738,189g
7762,189g
7757,189g
7849,189g
7795,189g
7758,189g
7709,189g
7724,189g
7766,189g
7852,189g
7932,189g
7722,189g
7603,189g
7763,189g
7800,189g
7772,189g
7833,189g
7830,189g
7811,189g
7685,189g
7766,189g
7758,189g
7706,189g
7764,189g
7708,189g
7754,189g
7764,189g
7791,189g
7846,189g
7814,189g
7773,189g
7756,189g
7635,189g
7689,189g
7801,189g
7721,189g
7664,189g
7679,189g
7733,189g
7769,189g
7856,189g
7755,189g
7705,189g
7827,189g
7829,189g
7799,189g
7874,189g
7986,189g
7770,189g
7698,189g
7763,189g
7770,189g
7797,189g
7763,189g
7679,189g
7675,189g
7663,189g
7687,189g
7628,189g
7732,189g
7766,189g
7783,189g
7755,189g
7756,189g
7706,189g
7625,189g
7662,189g
7759,189g
7718,189g
7584,189g
7609,189g
7667,189g
7773,189g
7817,189g
7766,189g
7789,189g
7669,189g
7698,189g
7686,189g
7759,189g
7790,189g
7688,189g
7696,189g
7679,189g
7752,189g
7716,189g
7772,189g
7898,189g
7790,189g
7747,189g
7670,189g
7624,189g
7719,189g
7730,189g
7718,189g
7741,189g
7779,189g
7757,189g
7658,189g
7556,189g
7619,189g
7766,189g
7731,189g
7619,189g
7707,189g
7796,189g
7680,189g
7514,189g
7606,189g
7621,189g
7688,189g
7644,189g
7722,189g
7604,189g
7656,189g
7645,189g
7476,189g
7523,189g
7611,189g
7555,189g
7596,189g
7580,189g
7588,189g
7715,189g
7740,189g
7645,189g
7626,189g
7569,189g
7677,189g
7662,189g
7666,189g
7609,189g
7515,189g
7521,189g
7606,189g
7683,189g
7646,189g
7656,189g
7655,189g
7720,189g
7681,189g
7645,189g
7564,189g
7576,189g
7622,189g
7689,189g
7659,189g
7637,189g
7744,189g
7737,189g
7645,189g
7595,189g
7707,189g
7736,189g
7614,189g
7582,189g
7583,189g
7608,189g
7605,189g
7515,189g
7418,189g
7636,189g
7641,189g
7512,189g
7539,189g
7388,189g
7414,189g
7525,189g
7610,189g
7663,189g
7662,189g
7638,189g
7460,189g
7492,189g
7591,189g
7623,189g
7549,189g
7602,189g
7682,189g
7583,189g
7647,189g
7553,189g
7576,189g
7530,189g
7558,189g
7480,189g
7599,189g
7637,189g
7682,189g
7630,189g
7590,189g
7528,189g
7444,189g
7474,189g
7517,189g
7628,189g
7657,189g
7689,189g
7541,189g
7669,189g
7584,189g
7577,189g
7617,189g
7669,189g
7615,189g
7546,189g
7541,189g
7518,189g
7511,189g
7474,189g
7500,189g
7523,189g
7632,189g
7647,189g
7560,189g
7651,189g
7686,189g
7665,189g
7692,189g
7563,189g
7474,189g
7371,189g
7526,189g
7655,189g
7650,189g
7516,189g
7512,189g
7492,189g
7565,189g
7592,189g
7529,189g
7570,189g
7587,189g
7604,189g
7637,189g
7628,189g
7552,189g
7589,189g
7539,189g
7595,189g
7773,189g
7605,189g
7560,189g
7566,189g
7602,189g
7576,189g
7591,189g
7500,189g
7416,189g
7579,189g
7714,189g
7714,189g
7582,189g
7585,189g
7668,189g
7682,189g
7654,189g
7618,189g
7589,189g
7514,189g
7721,189g
7680,189g
7636,189g
7652,189g
7634,189g
7578,189g
7572,189g
7600,189g
7684,189g
7584,189g
7505,189g
7580,189g
7551,189g
7611,189g
7487,189g
7536,189g
7590,189g
7598,189g
7574,189g
7620,189g
7632,189g
7541,189g
7621,189g
7612,189g
7624,189g
7561,189g
7675,189g
7544,189g
7561,189g
7532,189g
7534,189g
7487,189g
7560,189g
7667,189g
7726,189g
7481,189g
7576,189g
7636,189g
7512,189g
7554,189g
7624,189g
7665,189g
7522,189g
7460,189g
7679,189g
7673,189g
7545,189g
7593,189g
7713,189g
7689,189g
7592,189g
7545,189g
7593,189g
7544,189g
7613,189g
7695,189g
7669,189g
7620,189g
7631,189g
7546,189g
7627,189g
7646,189g
7764,189g
7583,189g
7640,189g
7708,189g
7624,189g
7580,189g
7587,189g
7689,189g
7722,189g
7695,189g
7699,189g
7728,189g
7785,189g
7813,189g
7773,189g
7664,189g
7761,189g
7623,189g
7636,189g
7752,189g
7621,189g
7661,189g
7753,189g
7662,189g
7673,189g
7672,189g
7675,189g
7750,189g
7723,189g
7770,189g
7730,189g
7668,189g
7647,189g
7556,189g
7515,189g
7671,189g
7721,189g
7722,189g
7703,189g
7696,189g
7654,189g
7728,189g
7829,189g
7803,189g
7646,189g
7671,189g
7838,189g
7802,189g
7761,189g
7673,189g
7786,189g
7744,189g
7777,189g
7792,189g
7785,189g
7721,189g
7771,189g
7778,189g
7746,189g
7766,189g
7814,189g
7786,189g
7743,189g
7715,189g
7709,189g
7780,189g
7815,189g
7816,189g
7840,189g
7906,189g
7894,189g
7862,189g
7859,189g
7777,189g
7811,189g
7789,189g
7743,189g
7871,189g
7842,189g
7814,189g
7814,189g
7779,189g
7801,189g
7776,189g
7851,189g
7814,189g
7704,189g
7644,189g
7904,189g
7971,189g
7898,189g
7797,189g
7718,189g
7779,189g
7828,189g
7864,189g
7817,189g
7745,189g
7742,189g
7826,189g
7833,189g
7740,189g
7822,189g
7827,189g
7835,189g
7845,189g
7658,189g
7635,189g
7614,189g
7542,189g
7539,189g
7696,189g
7798,189g
7764,189g
7717,189g
7717,189g
7663,189g
7748,189g
7751,189g
7770,189g
7663,189g
7670,189g
7677,189g
7649,189g
7637,189g
7642,189g
7602,189g
7696,189g
7766,189g
7701,189g
7690,189g
7773,189g
7688,189g
7606,189g
7612,189g
7668,189g
7705,189g
7717,189g
7751,189g
7722,189g
7655,189g
7615,189g
7533,189g
7591,189g
7638,189g
7631,189g
7606,189g
7680,189g
7717,189g
7718,189g
7738,189g
7755,189g
7607,189g
7729,189g
7712,189g
7550,189g
7623,189g
7725,189g
7604,189g
7731,189g
7669,189g
7707,189g
7794,189g
7732,189g
7661,189g
7589,189g
7629,189g
7647,189g
7569,189g
7592,189g
7608,189g
7617,189g
7704,189g
7680,189g
7608,189g
7681,189g
7670,189g
7680,189g
7562,189g
7605,189g
7690,189g
7628,189g
7635,189g
7584,189g
7478,189g
7544,189g
7621,189g
7455,189g
7452,189g
7590,189g
7633,189g
7586,189g
7529,189g
7443,189g
7650,189g
7648,189g
7568,189g
7595,189g
7524,189g
7505,189g
7616,189g
7649,189g
7687,189g
7600,189g
7574,189g
7605,189g
7574,189g
7474,189g
7605,189g
7710,189g
7687,189g
7671,189g
7676,189g
7514,189g
7554,189g
7618,189g
7619,189g
7552,189g
7645,189g
7616,189g
7557,189g
7577,189g
7539,189g
7598,189g
7619,189g
7658,189g
7641,189g
7537,189g
7555,189g
7660,189g
7666,189g
7625,189g
7593,189g
7657,189g
7687,189g
7576,189g
7621,189g
7708,189g
7666,189g
7644,189g
7661,189g
7674,189g
7625,189g
7680,189g
7701,189g
7644,189g
7528,189g
7662,189g
7642,189g
7709,189g
7693,189g
7628,189g
7628,189g
7642,189g
7622,189g
7608,189g
7748,189g
7716,189g
7651,189g
7633,189g
7526,189g
7516,189g
7569,189g
7645,189g
7452,189g
7600,189g
7606,189g
7626,189g
7649,189g
7638,189g
7753,189g
7683,189g
7606,189g
7665,189g
7602,189g
7562,189g
7656,189g
7613,189g
7500,189g
7547,189g
7643,189g
7733,189g
7610,189g
7549,189g
7671,189g
7668,189g
7755,189g
7682,189g
7572,189g
7664,189g
7799,189g
7811,189g
7697,189g
7716,189g
7662,189g
7683,189g
7700,189g
7663,189g
7661,189g
7744,189g
7615,189g
7727,189g
7741,189g
7763,189g
7855,189g
7872,189g
7733,189g
7698,189g
7647,189g
7718,189g
7751,189g
7764,189g
7679,189g
7703,189g
7794,189g
7763,189g
7753,189g
7639,189g
7643,189g
7712,189g
7731,189g
7739,189g
7750,189g
7623,189g
7650,189g
7633,189g
7698,189g
7763,189g
7788,189g
7824,189g
7817,189g
7766,189g
7780,189g
7782,189g
7849,189g
7771,189g
7751,189g
7829,189g
7800,189g
7797,189g
7743,189g
7764,189g
7816,189g
7835,189g
7707,189g
7651,189g
7628,189g
7660,189g
7767,189g
7781,189g
7766,189g
7690,189g
7728,189g
7681,189g
7657,189g
7760,189g
7773,189g
7767,189g
7848,189g
7815,189g
7746,189g
7787,189g
7746,189g
7792,189g
7837,189g
7724,189g
7605,189g
7602,189g
7660,189g
7725,189g
7690,189g
7722,189g
7677,189g
7697,189g
7711,189g
7704,189g
7639,189g
7705,189g
7758,189g
7804,189g
7784,189g
7712,189g
7700,189g
7711,189g
7747,189g
7720,189g
7741,189g
7646,189g
7689,189g
7765,189g
7763,189g
7748,189g
7658,189g
7664,189g
7691,189g
7690,189g
7705,189g
7775,189g
7743,189g
7641,189g
7676,189g
7831,189g
7828,189g
