Iphone7,138g
7893,138g
7948,138g
7878,138g
7915,138g
7904,138g
7833,138g
7904,138g
7857,138g
7909,138g
8005,138g
7907,138g
7864,138g
7823,138g
7905,138g
7772,138g
7824,138g
7945,138g
8037,138g
7915,138g
7906,138g
7904,138g
7972,138g
7918,138g
7922,138g
7860,138g
7792,138g
7834,138g
7875,138g
7850,138g
7825,138g
7958,138g
8001,138g
7897,138g
7877,138g
7917,138g
7864,138g
7831,138g
7961,138g
8034,138g
7999,138g
7931,138g
7954,138g
7900,138g
7881,138g
7881,138g
8007,138g
8038,138g
7849,138g
7724,138g
7849,138g
7995,138g
7877,138g
8019,138g
8061,138g
8048,138g
7931,138g
7863,138g
7833,138g
7894,138g
8016,138g
7988,138g
8042,138g
7975,138g
7920,138g
8141,138g
7996,138g
7880,138g
7978,138g
8143,138g
7976,138g
7960,138g
8053,138g
8039,138g
7972,138g
7983,138g
7994,138g
7938,138g
7960,138g
8106,138g
8018,138g
7846,138g
7842,138g
7866,138g
7926,138g
7887,138g
8003,138g
8042,138g
7898,138g
7957,138g
7983,138g
8060,138g
8073,138g
8101,138g
7939,138g
7849,138g
8028,138g
7963,138g
7965,138g
8048,138g
7999,138g
7961,138g
7926,138g
8010,138g
8082,138g
8002,138g
7896,138g
7934,138g
7995,138g
7867,138g
7910,138g
8129,138g
8170,138g
8070,138g
7949,138g
7920,138g
7910,138g
7877,138g
7841,138g
7867,138g
7986,138g
8042,138g
7986,138g
7909,138g
8056,138g
8099,138g
8026,138g
7965,138g
7973,138g
7970,138g
7881,138g
7872,138g
7916,138g
7958,138g
7996,138g
7992,138g
8014,138g
7890,138g
7887,138g
7973,138g
8013,138g
9203,138g
9294,138g
9275,138g
9305,138g
9382,138g
9493,138g
9323,138g
9202,138g
9259,138g
9295,138g
9312,138g
9249,138g
9235,138g
9184,138g
9258,138g
9273,138g
9256,138g
9311,138g
9241,138g
9200,138g
9136,138g
9242,138g
9236,138g
9196,138g
9194,138g
9201,138g
9258,138g
9190,138g
9139,138g
9246,138g
9240,138g
9296,138g
9158,138g
9143,138g
9278,138g
9319,138g
9314,138g
9172,138g
9227,138g
9302,138g
9364,138g
9394,138g
9269,138g
9282,138g
9174,138g
9148,138g
9176,138g
9158,138g
9106,138g
9155,138g
9134,138g
9215,138g
9224,138g
9201,138g
9193,138g
9326,138g
9220,138g
9169,138g
9260,138g
9274,138g
9251,138g
9031,138g
9115,138g
9232,138g
9230,138g
9196,138g
9231,138g
9246,138g
9312,138g
9280,138g
9300,138g
9243,138g
9197,138g
9178,138g
9255,138g
9329,138g
9289,138g
9136,138g
9260,138g
9161,138g
9164,138g
9213,138g
9265,138g
9264,138g
9211,138g
9181,138g
9153,138g
9188,138g
9273,138g
9219,138g
9182,138g
9257,138g
9214,138g
9250,138g
9190,138g
9177,138g
9235,138g
9237,138g
9102,138g
9091,138g
9151,138g
9189,138g
9043,138g
9105,138g
9181,138g
9170,138g
9123,138g
9205,138g
9190,138g
9214,138g
9145,138g
9218,138g
9237,138g
9183,138g
9150,138g
9094,138g
9109,138g
9218,138g
9157,138g
9124,138g
9064,138g
9037,138g
9024,138g
9064,138g
9192,138g
9159,138g
9155,138g
9131,138g
9102,138g
9053,138g
9149,138g
9108,138g
9185,138g
9172,138g
9072,138g
9045,138g
9118,138g
9185,138g
9117,138g
9129,138g
9137,138g
9033,138g
9076,138g
8964,138g
8987,138g
9035,138g
9076,138g
9050,138g
9028,138g
8962,138g
9047,138g
9198,138g
9148,138g
9038,138g
9066,138g
9087,138g
9115,138g
9062,138g
8939,138g
9024,138g
9139,138g
9076,138g
8984,138g
9111,138g
9119,138g
9122,138g
9117,138g
9060,138g
9037,138g
8935,138g
8948,138g
9087,138g
9095,138g
9110,138g
9114,138g
9075,138g
9101,138g
9015,138g
9078,138g
9101,138g
9103,138g
9015,138g
9015,138g
9020,138g
9064,138g
9053,138g
9039,138g
9034,138g
9068,138g
9042,138g
8919,138g
8885,138g
9048,138g
9052,138g
9058,138g
8992,138g
8959,138g
8961,138g
9006,138g
9044,138g
9014,138g
8926,138g
8964,138g
9038,138g
8907,138g
9030,138g
9216,138g
9136,138g
9084,138g
9069,138g
8995,138g
9014,138g
9124,138g
9110,138g
9067,138g
9029,138g
9021,138g
9038,138g
8944,138g
8942,138g
9041,138g
9099,138g
9065,138g
9226,138g
9091,138g
8994,138g
8947,138g
8897,138g
8973,138g
8978,138g
9091,138g
9029,138g
8974,138g
9080,138g
9034,138g
9169,138g
9093,138g
9038,138g
8912,138g
8923,138g
8975,138g
8909,138g
9011,138g
8923,138g
8943,138g
9026,138g
9081,138g
9095,138g
9031,138g
9048,138g
9062,138g
9063,138g
9050,138g
9147,138g
9053,138g
9029,138g
9109,138g
8964,138g
8913,138g
8926,138g
8987,138g
9093,138g
9003,138g
8818,138g
8961,138g
8960,138g
9010,138g
9067,138g
9026,138g
8936,138g
9120,138g
9054,138g
8922,138g
8975,138g
8895,138g
8948,138g
8965,138g
8995,138g
8894,138g
8887,138g
8921,138g
8978,138g
9102,138g
9049,138g
9044,138g
9106,138g
9046,138g
8992,138g
8836,138g
8976,138g
9059,138g
9040,138g
9023,138g
8876,138g
8876,138g
8927,138g
9073,138g
9194,138g
9136,138g
9049,138g
8970,138g
8996,138g
8922,138g
8916,138g
8994,138g
8951,138g
8951,138g
9050,138g
9086,138g
8985,138g
8923,138g
8884,138g
8823,138g
8945,138g
9076,138g
9015,138g
8983,138g
9016,138g
8974,138g
9110,138g
9102,138g
9093,138g
9084,138g
8908,138g
8895,138g
9011,138g
9051,138g
9052,138g
8935,138g
8972,138g
9033,138g
9061,138g
9077,138g
9004,138g
8969,138g
8923,138g
8901,138g
8971,138g
9075,138g
9081,138g
8997,138g
9036,138g
9067,138g
9114,138g
9060,138g
8919,138g
9003,138g
9060,138g
8849,138g
8755,138g
8868,138g
8997,138g
8951,138g
8844,138g
8772,138g
8931,138g
8906,138g
8771,138g
8836,138g
8881,138g
8859,138g
8921,138g
8821,138g
8899,138g
8909,138g
8916,138g
8950,138g
8859,138g
8876,138g
8996,138g
9071,138g
8990,138g
9046,138g
9097,138g
8963,138g
8918,138g
9038,138g
8789,138g
8859,138g
9046,138g
9057,138g
8969,138g
8932,138g
8970,138g
9014,138g
9002,138g
8925,138g
8940,138g
9066,138g
9009,138g
8919,138g
9093,138g
9030,138g
9114,138g
9042,138g
9017,138g
9052,138g
9056,138g
9068,138g
8916,138g
8905,138g
8876,138g
8889,138g
8968,138g
8905,138g
9037,138g
9126,138g
9058,138g
8956,138g
8944,138g
8954,138g
8942,138g
8951,138g
8992,138g
8961,138g
8932,138g
8822,138g
8929,138g
8934,138g
8990,138g
9048,138g
8893,138g
8899,138g
8837,138g
8903,138g
8854,138g
8905,138g
8980,138g
8991,138g
9020,138g
8942,138g
8954,138g
9006,138g
8998,138g
8896,138g
8917,138g
9007,138g
9115,138g
9123,138g
9083,138g
8980,138g
8994,138g
9027,138g
8987,138g
8962,138g
8844,138g
8806,138g
8778,138g
8982,138g
9033,138g
8961,138g
8854,138g
8897,138g
8954,138g
8976,138g
9000,138g
8949,138g
8938,138g
8915,138g
8924,138g
9004,138g
8977,138g
8921,138g
8928,138g
8937,138g
8956,138g
9008,138g
9151,138g
9030,138g
8945,138g
9066,138g
9007,138g
9015,138g
8984,138g
8892,138g
8936,138g
8977,138g
8982,138g
8944,138g
8918,138g
8970,138g
8956,138g
8901,138g
8901,138g
8829,138g
8935,138g
8863,138g
8953,138g
9036,138g
8931,138g
8913,138g
8850,138g
8771,138g
8853,138g
8868,138g
8962,138g
9019,138g
9075,138g
8966,138g
8923,138g
8962,138g
9008,138g
8878,138g
8836,138g
8871,138g
9000,138g
9104,138g
8913,138g
8970,138g
9039,138g
8908,138g
8862,138g
9026,138g
8941,138g
8795,138g
8798,138g
8905,138g
8936,138g
8943,138g
9044,138g
8849,138g
8750,138g
8835,138g
8968,138g
8985,138g
8977,138g
8906,138g
8926,138g
9030,138g
8964,138g
8794,138g
8844,138g
8946,138g
8995,138g
8934,138g
8885,138g
8768,138g
9012,138g
8906,138g
8812,138g
8938,138g
8953,138g
8919,138g
8919,138g
8895,138g
8977,138g
9047,138g
8753,138g
8960,138g
8914,138g
8761,138g
8815,138g
8869,138g
8914,138g
8858,138g
8913,138g
8859,138g
8849,138g
8811,138g
8921,138g
9042,138g
8942,138g
8885,138g
8943,138g
8954,138g
8794,138g
8733,138g
8866,138g
8827,138g
8839,138g
8934,138g
8945,138g
8995,138g
8968,138g
8970,138g
8952,138g
8871,138g
8847,138g
8979,138g
8881,138g
8930,138g
8854,138g
8835,138g
8880,138g
8879,138g
8959,138g
8881,138g
8853,138g
8776,138g
8842,138g
8931,138g
8921,138g
8978,138g
8900,138g
8884,138g
8916,138g
8931,138g
8910,138g
8813,138g
8848,138g
8829,138g
8804,138g
8850,138g
8893,138g
9004,138g
8924,138g
8859,138g
8845,138g
8933,138g
8885,138g
8909,138g
8862,138g
8921,138g
8838,138g
8808,138g
8896,138g
8951,138g
8929,138g
8897,138g
8871,138g
8827,138g
8907,138g
8944,138g
8946,138g
8972,138g
8953,138g
8860,138g
8917,138g
8903,138g
8991,138g
8974,138g
8919,138g
8922,138g
8959,138g
8937,138g
8871,138g
8795,138g
8912,138g
8859,138g
8915,138g
9023,138g
9069,138g
9028,138g
8987,138g
8957,138g
8952,138g
8917,138g
8898,138g
8864,138g
8842,138g
8896,138g
8881,138g
8912,138g
8890,138g
8824,138g
8844,138g
8846,138g
8880,138g
8972,138g
8986,138g
8939,138g
8818,138g
8929,138g
8967,138g
8886,138g
8981,138g
8995,138g
8932,138g
8920,138g
8905,138g
8892,138g
8999,138g
8976,138g
8988,138g
8951,138g
8940,138g
8965,138g
8933,138g
8924,138g
8955,138g
8988,138g
8966,138g
8949,138g
8907,138g
8913,138g
8959,138g
9024,138g
8991,138g
8936,138g
8976,138g
8854,138g
8953,138g
8980,138g
8990,138g
9095,138g
9068,138g
8979,138g
8885,138g
8855,138g
8812,138g
8829,138g
8833,138g
8886,138g
8984,138g
9027,138g
8867,138g
8929,138g
8930,138g
8925,138g
8936,138g
8900,138g
8893,138g
8933,138g
8938,138g
8892,138g
9023,138g
8906,138g
8843,138g
8862,138g
8982,138g
9002,138g
8985,138g
8942,138g
8959,138g
8970,138g
8896,138g
8804,138g
8933,138g
9041,138g
9022,138g
8974,138g
8943,138g
8966,138g
8976,138g
9027,138g
8913,138g
8958,138g
8900,138g
8901,138g
9009,138g
9010,138g
8786,138g
8836,138g
8826,138g
8918,138g
8890,138g
8852,138g
8901,138g
8897,138g
8873,138g
8873,138g
8896,138g
8836,138g
8895,138g
8864,138g
8912,138g
8944,138g
8918,138g
9067,138g
9023,138g
8895,138g
8941,138g
8941,138g
8993,138g
9068,138g
9053,138g
8924,138g
8802,138g
8942,138g
8846,138g
8811,138g
8917,138g
8955,138g
9032,138g
8956,138g
9036,138g
8974,138g
8952,138g
8922,138g
8954,138g
8862,138g
8843,138g
8811,138g
8906,138g
8963,138g
8986,138g
8987,138g
8891,138g
8878,138g
8954,138g
8932,138g
8850,138g
8869,138g
8926,138g
9057,138g
9007,138g
8908,138g
8982,138g
8987,138g
8997,138g
9105,138g
9110,138g
8998,138g
8986,138g
8987,138g
8973,138g
8961,138g
8973,138g
8968,138g
8918,138g
8919,138g
8930,138g
8959,138g
8944,138g
8983,138g
8908,138g
8877,138g
8906,138g
9064,138g
9096,138g
9079,138g
8960,138g
8990,138g
9072,138g
8957,138g
8933,138g
8941,138g
9025,138g
9061,138g
8928,138g
8998,138g
8965,138g
8876,138g
8914,138g
9085,138g
9002,138g
8935,138g
8884,138g
8932,138g
8897,138g
9024,138g
8966,138g
8946,138g
8949,138g
8893,138g
8936,138g
9087,138g
9027,138g
8953,138g
8952,138g
8901,138g
8885,138g
8939,138g
8919,138g
8906,138g
8999,138g
9052,138g
9029,138g
8953,138g
8972,138g
8877,138g
8945,138g
8997,138g
9027,138g
9064,138g
9017,138g
8914,138g
8918,138g
9031,138g
9037,138g
8991,138g
8976,138g
8888,138g
8901,138g
8971,138g
8991,138g
8995,138g
9068,138g
8980,138g
8855,138g
8940,138g
8919,138g
8935,138g
9030,138g
8904,138g
8989,138g
9088,138g
9065,138g
9048,138g
9042,138g
8928,138g
8942,138g
8985,138g
8968,138g
8903,138g
8909,138g
8964,138g
8886,138g
8871,138g
8894,138g
9027,138g
8928,138g
8868,138g
8885,138g
8969,138g
8957,138g
8933,138g
8924,138g
8975,138g
9005,138g
8867,138g
8940,138g
8950,138g
9039,138g
9055,138g
9096,138g
9021,138g
8896,138g
8872,138g
9036,138g
9084,138g
8943,138g
9007,138g
8991,138g
8965,138g
8994,138g
8990,138g
9047,138g
9059,138g
8986,138g
8965,138g
8889,138g
8895,138g
9009,138g
9111,138g
9015,138g
8947,138g
8995,138g
8972,138g
8957,138g
9016,138g
9063,138g
9018,138g
9026,138g
8971,138g
8954,138g
9009,138g
9089,138g
9048,138g
9001,138g
9010,138g
8945,138g
9000,138g
9059,138g
8978,138g
8838,138g
8899,138g
8936,138g
8927,138g
8952,138g
9026,138g
9138,138g
9054,138g
9029,138g
9141,138g
9093,138g
9010,138g
8966,138g
8974,138g
9025,138g
8979,138g
8992,138g
9113,138g
9101,138g
8952,138g
8839,138g
8899,138g
9026,138g
8990,138g
8974,138g
8978,138g
8911,138g
8950,138g
8875,138g
8938,138g
8980,138g
8980,138g
9063,138g
9063,138g
8997,138g
8959,138g
8971,138g
9051,138g
8993,138g
9012,138g
8976,138g
9010,138g
9083,138g
9029,138g
9004,138g
8930,138g
8907,138g
8947,138g
8931,138g
9040,138g
9096,138g
9006,138g
9075,138g
9048,138g
8958,138g
9005,138g
8969,138g
8987,138g
8908,138g
8923,138g
9017,138g
9027,138g
9050,138g
8984,138g
8985,138g
9061,138g
9023,138g
9010,138g
8974,138g
8947,138g
8965,138g
9020,138g
9047,138g
8982,138g
8994,138g
9021,138g
9014,138g
8983,138g
8991,138g
8970,138g
8970,138g
8906,138g
8943,138g
9017,138g
8985,138g
9088,138g
9138,138g
9040,138g
8964,138g
8966,138g
8987,138g
9028,138g
9061,138g
9066,138g
9046,138g
8955,138g
9048,138g
9059,138g
9021,138g
9024,138g
8959,138g
8933,138g
8994,138g
9009,138g
8872,138g
8878,138g
8938,138g
9056,138g
8984,138g
8971,138g
9058,138g
8973,138g
9020,138g
9055,138g
8946,138g
8983,138g
8951,138g
8913,138g
8953,138g
8999,138g
8977,138g
8903,138g
9015,138g
9044,138g
9011,138g
9004,138g
8985,138g
8943,138g
8970,138g
8971,138g
8938,138g
9008,138g
9143,138g
9038,138g
9089,138g
9005,138g
9047,138g
9012,138g
9062,138g
9028,138g
9072,138g
9102,138g
9022,138g
9032,138g
9111,138g
9086,138g
9036,138g
9008,138g
8986,138g
9024,138g
9048,138g
8998,138g
8974,138g
9031,138g
9048,138g
8951,138g
8934,138g
9018,138g
9048,138g
9075,138g
9006,138g
9015,138g
9119,138g
9052,138g
9042,138g
8988,138g
8973,138g
8946,138g
8954,138g
9038,138g
9016,138g
9015,138g
9073,138g
9080,138g
9054,138g
9007,138g
8954,138g
8931,138g
8928,138g
8926,138g
9071,138g
9106,138g
9090,138g
9012,138g
9018,138g
9043,138g
9116,138g
9060,138g
8998,138g
9027,138g
9008,138g
9066,138g
8994,138g
8923,138g
9089,138g
9184,138g
9038,138g
9063,138g
9086,138g
9023,138g
8979,138g
9030,138g
9144,138g
9234,138g
9184,138g
9101,138g
9107,138g
9081,138g
9073,138g
9039,138g
9036,138g
8970,138g
8943,138g
8996,138g
9026,138g
9080,138g
9100,138g
9062,138g
8947,138g
8961,138g
9006,138g
9048,138g
9051,138g
9199,138g
9091,138g
8975,138g
8962,138g
9040,138g
9119,138g
9170,138g
9181,138g
9114,138g
8963,138g
9013,138g
9001,138g
9033,138g
9040,138g
9017,138g
9058,138g
9109,138g
9068,138g
9000,138g
9043,138g
9010,138g
9039,138g
9065,138g
9007,138g
9019,138g
9107,138g
9067,138g
9013,138g
8993,138g
9085,138g
9039,138g
9006,138g
9059,138g
9096,138g
9096,138g
9097,138g
9043,138g
9018,138g
9057,138g
9066,138g
9010,138g
9031,138g
9042,138g
9049,138g
9047,138g
8969,138g
9079,138g
9103,138g
9121,138g
9132,138g
9022,138g
8970,138g
9157,138g
9147,138g
9136,138g
9079,138g
9136,138g
9058,138g
9046,138g
9040,138g
9039,138g
8992,138g
8974,138g
9065,138g
9089,138g
9124,138g
9160,138g
9009,138g
9023,138g
8931,138g
8928,138g
8982,138g
8955,138g
8968,138g
8976,138g
8980,138g
9076,138g
9042,138g
9007,138g
9067,138g
9077,138g
9097,138g
9148,138g
9155,138g
9133,138g
9213,138g
9118,138g
9054,138g
9058,138g
9115,138g
8986,138g
8974,138g
8989,138g
9073,138g
8989,138g
9055,138g
9156,138g
9233,138g
9185,138g
9138,138g
9128,138g
9125,138g
9231,138g
9208,138g
9152,138g
9123,138g
9090,138g
9035,138g
9153,138g
9215,138g
9214,138g
9196,138g
9097,138g
9092,138g
9195,138g
9198,138g
9103,138g
9046,138g
9039,138g
9092,138g
9112,138g
9148,138g
9055,138g
8972,138g
8972,138g
8990,138g
9025,138g
9113,138g
9036,138g
9043,138g
9032,138g
9086,138g
9217,138g
9191,138g
9124,138g
9031,138g
9094,138g
9160,138g
9095,138g
9111,138g
9139,138g
9126,138g
9139,138g
9159,138g
9106,138g
9091,138g
9057,138g
9075,138g
9087,138g
9144,138g
9105,138g
9136,138g
9132,138g
9086,138g
8992,138g
9077,138g
9105,138g
9131,138g
9085,138g
9077,138g
9166,138g
9144,138g
9077,138g
9041,138g
9079,138g
9062,138g
9074,138g
9071,138g
9194,138g
9259,138g
9131,138g
9141,138g
9140,138g
9049,138g
9052,138g
9058,138g
8983,138g
9009,138g
9210,138g
9089,138g
9068,138g
9096,138g
9144,138g
9144,138g
9065,138g
9068,138g
9152,138g
9054,138g
9035,138g
9075,138g
9196,138g
9200,138g
9072,138g
9077,138g
9072,138g
9128,138g
9192,138g
9104,138g
9082,138g
9124,138g
9212,138g
9190,138g
9092,138g
9039,138g
9109,138g
9186,138g
9122,138g
9062,138g
9094,138g
9124,138g
9052,138g
9116,138g
9151,138g
9101,138g
9079,138g
9109,138g
9138,138g
9093,138g
8953,138g
8925,138g
8965,138g
9025,138g
9071,138g
9114,138g
9159,138g
9121,138g
9081,138g
9133,138g
9200,138g
9067,138g
9043,138g
9112,138g
9062,138g
9090,138g
9068,138g
9123,138g
9065,138g
9004,138g
9037,138g
9036,138g
9054,138g
9041,138g
8875,138g
8982,138g
9024,138g
9024,138g
9049,138g
9079,138g
9079,138g
9118,138g
9107,138g
9131,138g
9073,138g
9046,138g
9068,138g
9120,138g
9027,138g
9065,138g
9148,138g
9055,138g
9099,138g
9090,138g
9069,138g
9082,138g
8991,138g
9039,138g
9151,138g
9117,138g
9146,138g
9048,138g
9060,138g
9181,138g
9128,138g
9016,138g
8990,138g
9057,138g
9097,138g
9043,138g
9110,138g
9135,138g
9108,138g
9063,138g
9118,138g
9132,138g
9081,138g
9071,138g
9056,138g
9122,138g
9121,138g
9082,138g
9136,138g
9156,138g
9011,138g
8958,138g
8992,138g
9042,138g
9194,138g
9091,138g
9066,138g
9066,138g
8979,138g
9007,138g
9075,138g
9013,138g
9076,138g
9099,138g
9074,138g
9133,138g
9104,138g
9034,138g
9124,138g
9112,138g
9062,138g
9038,138g
9044,138g
9061,138g
9076,138g
9134,138g
9076,138g
9093,138g
8993,138g
8975,138g
9072,138g
9106,138g
9062,138g
9035,138g
9130,138g
9141,138g
9150,138g
9164,138g
9176,138g
9161,138g
9117,138g
9068,138g
9145,138g
9090,138g
9009,138g
9017,138g
9149,138g
9103,138g
9110,138g
9143,138g
9044,138g
8996,138g
9096,138g
9168,138g
9241,138g
9106,138g
9053,138g
9054,138g
9029,138g
9039,138g
9129,138g
9130,138g
9072,138g
8965,138g
9084,138g
9118,138g
9173,138g
9115,138g
9042,138g
9047,138g
9149,138g
9174,138g
9198,138g
9202,138g
9124,138g
9026,138g
9101,138g
9093,138g
9090,138g
9039,138g
8940,138g
9078,138g
9066,138g
9071,138g
9031,138g
9099,138g
9065,138g
9013,138g
9048,138g
9142,138g
9024,138g
8994,138g
9047,138g
9002,138g
9047,138g
9068,138g
9068,138g
9095,138g
8974,138g
9109,138g
9135,138g
9117,138g
8986,138g
9004,138g
9162,138g
9215,138g
9133,138g
8991,138g
9041,138g
9045,138g
9006,138g
9052,138g
9047,138g
9035,138g
9100,138g
9130,138g
9122,138g
9083,138g
9015,138g
9010,138g
9143,138g
9129,138g
9071,138g
9155,138g
9139,138g
9150,138g
9218,138g
9156,138g
8964,138g
9053,138g
9068,138g
9112,138g
9132,138g
9133,138g
9016,138g
9082,138g
9092,138g
9075,138g
8972,138g
8917,138g
8978,138g
9101,138g
9209,138g
9082,138g
9003,138g
9138,138g
9063,138g
9041,138g
9043,138g
9090,138g
9049,138g
9056,138g
9038,138g
9003,138g
9041,138g
9056,138g
9044,138g
9107,138g
9094,138g
9113,138g
9079,138g
9020,138g
9089,138g
9061,138g
9072,138g
8990,138g
9027,138g
9120,138g
9094,138g
9044,138g
9051,138g
9066,138g
9110,138g
9088,138g
9007,138g
9024,138g
9152,138g
9117,138g
9095,138g
9095,138g
9065,138g
9039,138g
9071,138g
9154,138g
9123,138g
9030,138g
8988,138g
9073,138g
9073,138g
9013,138g
9062,138g
9054,138g
9182,138g
9199,138g
9094,138g
9114,138g
9052,138g
9068,138g
9089,138g
9035,138g
9082,138g
9176,138g
9074,138g
8974,138g
9076,138g
9120,138g
9088,138g
9134,138g
9205,138g
9063,138g
9034,138g
9080,138g
9050,138g
9056,138g
9049,138g
9125,138g
9216,138g
9210,138g
9106,138g
9051,138g
8979,138g
9103,138g
9129,138g
9085,138g
9250,138g
9231,138g
9185,138g
9047,138g
9112,138g
9092,138g
9083,138g
9078,138g
9146,138g
9035,138g
9129,138g
9123,138g
9167,138g
9129,138g
9136,138g
9122,138g
9128,138g
9121,138g
9111,138g
9130,138g
9168,138g
9076,138g
9012,138g
9023,138g
9046,138g
9083,138g
9098,138g
9058,138g
9133,138g
9125,138g
9145,138g
9060,138g
9062,138g
9133,138g
9151,138g
9093,138g
9057,138g
9136,138g
9202,138g
9073,138g
9164,138g
9169,138g
9098,138g
9179,138g
9120,138g
9145,138g
9154,138g
9120,138g
9159,138g
9184,138g
9111,138g
9203,138g
9230,138g
9240,138g
9168,138g
9086,138g
9073,138g
9035,138g
8978,138g
9003,138g
9063,138g
9137,138g
9103,138g
9101,138g
9062,138g
9037,138g
9022,138g
9008,138g
9086,138g
9197,138g
9198,138g
9165,138g
9140,138g
9140,138g
9130,138g
9133,138g
9158,138g
9183,138g
9222,138g
9183,138g
9034,138g
9018,138g
9102,138g
9178,138g
9149,138g
9167,138g
9141,138g
9014,138g
9081,138g
9054,138g
9121,138g
9159,138g
9221,138g
9308,138g
9112,138g
9135,138g
9127,138g
9102,138g
9114,138g
9075,138g
9138,138g
9161,138g
9076,138g
9068,138g
9174,138g
9190,138g
9102,138g
9094,138g
9210,138g
9183,138g
9159,138g
9205,138g
9118,138g
9122,138g
9179,138g
9166,138g
9168,138g
9198,138g
9237,138g
9270,138g
9140,138g
9197,138g
9044,138g
9192,138g
9089,138g
9042,138g
9201,138g
9122,138g
9037,138g
9155,138g
9220,138g
9230,138g
9206,138g
9116,138g
9167,138g
9257,138g
9187,138g
9082,138g
9057,138g
9145,138g
9087,138g
9148,138g
9070,138g
9054,138g
9162,138g
9204,138g
9298,138g
9222,138g
9060,138g
9163,138g
9205,138g
9130,138g
9179,138g
9221,138g
9180,138g
9183,138g
9165,138g
9097,138g
9165,138g
9070,138g
9117,138g
9293,138g
9214,138g
9126,138g
9130,138g
9128,138g
9192,138g
9169,138g
9180,138g
9118,138g
9116,138g
9101,138g
9171,138g
9162,138g
9209,138g
9084,138g
9106,138g
9096,138g
9049,138g
9206,138g
9198,138g
9064,138g
9035,138g
9188,138g
9218,138g
9166,138g
9125,138g
9164,138g
9129,138g
9047,138g
9105,138g
9220,138g
9181,138g
9027,138g
9120,138g
9069,138g
9135,138g
9145,138g
9165,138g
9281,138g
9288,138g
9241,138g
9164,138g
9149,138g
9169,138g
9128,138g
9119,138g
9203,138g
9132,138g
9115,138g
9106,138g
9086,138g
9121,138g
9082,138g
9179,138g
9179,138g
9143,138g
9062,138g
9120,138g
9192,138g
9131,138g
9099,138g
9074,138g
9086,138g
9049,138g
9023,138g
9047,138g
9082,138g
9082,138g
9220,138g
8985,138g
9180,138g
9139,138g
9184,138g
9149,138g
9142,138g
9096,138g
9138,138g
9109,138g
9184,138g
9238,138g
9038,138g
8968,138g
9029,138g
9017,138g
9127,138g
9138,138g
9266,138g
9074,138g
9043,138g
9102,138g
9206,138g
9223,138g
9190,138g
9107,138g
9139,138g
9166,138g
9159,138g
9113,138g
9083,138g
9165,138g
9178,138g
9194,138g
9194,138g
9094,138g
9213,138g
9068,138g
9066,138g
9063,138g
9054,138g
9195,138g
9076,138g
9103,138g
9190,138g
9160,138g
9135,138g
9168,138g
9089,138g
9098,138g
9163,138g
9163,138g
9155,138g
9154,138g
9100,138g
9101,138g
9145,138g
9136,138g
9219,138g
9109,138g
9036,138g
9149,138g
9205,138g
9208,138g
9328,138g
9121,138g
9018,138g
9148,138g
9171,138g
9186,138g
9248,138g
9233,138g
9175,138g
9176,138g
9193,138g
9209,138g
9062,138g
9038,138g
9151,138g
9215,138g
9199,138g
9015,138g
9064,138g
9185,138g
9189,138g
9110,138g
9243,138g
9182,138g
9136,138g
9211,138g
9126,138g
9119,138g
9119,138g
9185,138g
9223,138g
9215,138g
9210,138g
9121,138g
9157,138g
9140,138g
9194,138g
9152,138g
9183,138g
9238,138g
9207,138g
9155,138g
9150,138g
9103,138g
9260,138g
9304,138g
9300,138g
9231,138g
9155,138g
9126,138g
9260,138g
9138,138g
9078,138g
9056,138g
9148,138g
9214,138g
9253,138g
9137,138g
9141,138g
9121,138g
9138,138g
9138,138g
9171,138g
9096,138g
9147,138g
9318,138g
9299,138g
9197,138g
9112,138g
9166,138g
9276,138g
9202,138g
9119,138g
9181,138g
9142,138g
9133,138g
9137,138g
9182,138g
9197,138g
8983,138g
9092,138g
9183,138g
9123,138g
9165,138g
9135,138g
9070,138g
9090,138g
9191,138g
9144,138g
9182,138g
9161,138g
9230,138g
9177,138g
9160,138g
9221,138g
9147,138g
9216,138g
9097,138g
9161,138g
9195,138g
9229,138g
9230,138g
9126,138g
9127,138g
9283,138g
9248,138g
9116,138g
9086,138g
9160,138g
9238,138g
9308,138g
9196,138g
9188,138g
9119,138g
9058,138g
9099,138g
9182,138g
9274,138g
9226,138g
9187,138g
9239,138g
9214,138g
9167,138g
9253,138g
9165,138g
9051,138g
9191,138g
9265,138g
9314,138g
9215,138g
9235,138g
9271,138g
9217,138g
9160,138g
9128,138g
9075,138g
9159,138g
9206,138g
9163,138g
9088,138g
9125,138g
9169,138g
9266,138g
9231,138g
9171,138g
9145,138g
9223,138g
9304,138g
9205,138g
9213,138g
9269,138g
9324,138g
9287,138g
9153,138g
9147,138g
9212,138g
9274,138g
9228,138g
9222,138g
9234,138g
9182,138g
9279,138g
9238,138g
9087,138g
9154,138g
9396,138g
9308,138g
9308,138g
9300,138g
9156,138g
9125,138g
9137,138g
9236,138g
9201,138g
9128,138g
9215,138g
9285,138g
9171,138g
9096,138g
9187,138g
9257,138g
9278,138g
9246,138g
9217,138g
9216,138g
9171,138g
9193,138g
9165,138g
9162,138g
9237,138g
9257,138g
9213,138g
9165,138g
9147,138g
9105,138g
9144,138g
9157,138g
9140,138g
9178,138g
9146,138g
9256,138g
9239,138g
9122,138g
9198,138g
9295,138g
9267,138g
9259,138g
9265,138g
9181,138g
9139,138g
9187,138g
9215,138g
9190,138g
9219,138g
9152,138g
9168,138g
9239,138g
9189,138g
9157,138g
9200,138g
9165,138g
9083,138g
9244,138g
9248,138g
9132,138g
9244,138g
9329,138g
9226,138g
9185,138g
9244,138g
9177,138g
9067,138g
9090,138g
9175,138g
9221,138g
9187,138g
9175,138g
9165,138g
9239,138g
9206,138g
9135,138g
9242,138g
9289,138g
9272,138g
9167,138g
9169,138g
9233,138g
9180,138g
9188,138g
9250,138g
9289,138g
9248,138g
9134,138g
9221,138g
9196,138g
9149,138g
9196,138g
9311,138g
9189,138g
9191,138g
9107,138g
9152,138g
9210,138g
9190,138g
9254,138g
9341,138g
9306,138g
9159,138g
9121,138g
9128,138g
9155,138g
9231,138g
9220,138g
9224,138g
9235,138g
9264,138g
9270,138g
9119,138g
8953,138g
9093,138g
9137,138g
9141,138g
9164,138g
9253,138g
9057,138g
8997,138g
9089,138g
9162,138g
9242,138g
9087,138g
9130,138g
9230,138g
9240,138g
9271,138g
9244,138g
9219,138g
9245,138g
9199,138g
9197,138g
9030,138g
9058,138g
9201,138g
9249,138g
9096,138g
9108,138g
9218,138g
9197,138g
9317,138g
9293,138g
9190,138g
9232,138g
9110,138g
9153,138g
9181,138g
9167,138g
9154,138g
9180,138g
9191,138g
9216,138g
9211,138g
9176,138g
9213,138g
9125,138g
9196,138g
9165,138g
9100,138g
9159,138g
9172,138g
9179,138g
9175,138g
9137,138g
9180,138g
9231,138g
9194,138g
9161,138g
9181,138g
9257,138g
9224,138g
9168,138g
9237,138g
9224,138g
9203,138g
9088,138g
9147,138g
9205,138g
9222,138g
9265,138g
9182,138g
9321,138g
9221,138g
9080,138g
9181,138g
9157,138g
9095,138g
9127,138g
9105,138g
9084,138g
9188,138g
9170,138g
9120,138g
9121,138g
9140,138g
9195,138g
9247,138g
9161,138g
9246,138g
9185,138g
9288,138g
9208,138g
9080,138g
9071,138g
9163,138g
9127,138g
9137,138g
9202,138g
9248,138g
9276,138g
9236,138g
9251,138g
9268,138g
9265,138g
9273,138g
9219,138g
9265,138g
9221,138g
9220,138g
9168,138g
9153,138g
9093,138g
9044,138g
9133,138g
9190,138g
9138,138g
9096,138g
9089,138g
9116,138g
9155,138g
9226,138g
9233,138g
9119,138g
9191,138g
9226,138g
9143,138g
9160,138g
9178,138g
9259,138g
9203,138g
9258,138g
9234,138g
9253,138g
9300,138g
9247,138g
9076,138g
9135,138g
9202,138g
9175,138g
9113,138g
9179,138g
9133,138g
9182,138g
9248,138g
9115,138g
9128,138g
9208,138g
9160,138g
9147,138g
9244,138g
9255,138g
9212,138g
9308,138g
9275,138g
9220,138g
9228,138g
9071,138g
9124,138g
9203,138g
9204,138g
9238,138g
9259,138g
9169,138g
9130,138g
9248,138g
9189,138g
9209,138g
9248,138g
9340,138g
9226,138g
9162,138g
9235,138g
9242,138g
9166,138g
9206,138g
9178,138g
9123,138g
9124,138g
9118,138g
9142,138g
9042,138g
9101,138g
9099,138g
9211,138g
9187,138g
9121,138g
9069,138g
9100,138g
9074,138g
9138,138g
9125,138g
9099,138g
9126,138g
9160,138g
9123,138g
9188,138g
9298,138g
9188,138g
9141,138g
9195,138g
9197,138g
9198,138g
9181,138g
9127,138g
9043,138g
9131,138g
9180,138g
9160,138g
9177,138g
9166,138g
9044,138g
9105,138g
9213,138g
9205,138g
9136,138g
9172,138g
9155,138g
9052,138g
9196,138g
9245,138g
9249,138g
9147,138g
9136,138g
9093,138g
9123,138g
9084,138g
9128,138g
8998,138g
9126,138g
9101,138g
9252,138g
9133,138g
9155,138g
9280,138g
9242,138g
9132,138g
9095,138g
9145,138g
9154,138g
9119,138g
9123,138g
9161,138g
9119,138g
9152,138g
9167,138g
9164,138g
9231,138g
9171,138g
9183,138g
9105,138g
9099,138g
9110,138g
9160,138g
9170,138g
8986,138g
9027,138g
9090,138g
9044,138g
9145,138g
9224,138g
9206,138g
9184,138g
9240,138g
9251,138g
9217,138g
9071,138g
9060,138g
9133,138g
9220,138g
9155,138g
9223,138g
9170,138g
9184,138g
9303,138g
9138,138g
9116,138g
9172,138g
9130,138g
9225,138g
9222,138g
9106,138g
9105,138g
9134,138g
9123,138g
9299,138g
9188,138g
9082,138g
9221,138g
9217,138g
9168,138g
9202,138g
9202,138g
9252,138g
9189,138g
9224,138g
9196,138g
9196,138g
9214,138g
9291,138g
9243,138g
9140,138g
9081,138g
9144,138g
9063,138g
8988,138g
9109,138g
9232,138g
9195,138g
9213,138g
9212,138g
9185,138g
9162,138g
9130,138g
9229,138g
9277,138g
9095,138g
9074,138g
9176,138g
9212,138g
9273,138g
9279,138g
9265,138g
9263,138g
9248,138g
9107,138g
9140,138g
9316,138g
9200,138g
9179,138g
9172,138g
9128,138g
9219,138g
9293,138g
9271,138g
9139,138g
9067,138g
9077,138g
9097,138g
9279,138g
9212,138g
9229,138g
9221,138g
9116,138g
9154,138g
9133,138g
9098,138g
9075,138g
9154,138g
9165,138g
9100,138g
9057,138g
9220,138g
9283,138g
9127,138g
9144,138g
9150,138g
9165,138g
9237,138g
9231,138g
9256,138g
9159,138g
9255,138g
9174,138g
9040,138g
9139,138g
9098,138g
9094,138g
9128,138g
9192,138g
9171,138g
9116,138g
9181,138g
9234,138g
9180,138g
9112,138g
9156,138g
9215,138g
9151,138g
9143,138g
9077,138g
8992,138g
9061,138g
9235,138g
9253,138g
9251,138g
9187,138g
9254,138g
9274,138g
9215,138g
9138,138g
9159,138g
9179,138g
9271,138g
9340,138g
9334,138g
9265,138g
9233,138g
9222,138g
9221,138g
9200,138g
9142,138g
9156,138g
9168,138g
9200,138g
9221,138g
9096,138g
9135,138g
9157,138g
9164,138g
9181,138g
9157,138g
9145,138g
9215,138g
9215,138g
9140,138g
9204,138g
9186,138g
9232,138g
9185,138g
9135,138g
9165,138g
9131,138g
9050,138g
9127,138g
9069,138g
8982,138g
9193,138g
9125,138g
9124,138g
9115,138g
9119,138g
9015,138g
9061,138g
9151,138g
9159,138g
9075,138g
9186,138g
9236,138g
9178,138g
9206,138g
9189,138g
9151,138g
9068,138g
9056,138g
9131,138g
9071,138g
9162,138g
9094,138g
9112,138g
9256,138g
9179,138g
9100,138g
9101,138g
9106,138g
9167,138g
9080,138g
9163,138g
9270,138g
9074,138g
9004,138g
9051,138g
9252,138g
9102,138g
9200,138g
9217,138g
9166,138g
9112,138g
9178,138g
9149,138g
9141,138g
9195,138g
9290,138g
9191,138g
9042,138g
9097,138g
9222,138g
9216,138g
9200,138g
9222,138g
9126,138g
9122,138g
9026,138g
9120,138g
9168,138g
9231,138g
9190,138g
9176,138g
9168,138g
9064,138g
9143,138g
9254,138g
9187,138g
9096,138g
9127,138g
9167,138g
9187,138g
9158,138g
9197,138g
9100,138g
9101,138g
9047,138g
9130,138g
9289,138g
9291,138g
9138,138g
9264,138g
9200,138g
9239,138g
9329,138g
9229,138g
9124,138g
9232,138g
9238,138g
9249,138g
9168,138g
9193,138g
9346,138g
9354,138g
9148,138g
9167,138g
9261,138g
9270,138g
9122,138g
8990,138g
9018,138g
9200,138g
9228,138g
9161,138g
9113,138g
9138,138g
9155,138g
9168,138g
9105,138g
9139,138g
9167,138g
9179,138g
9304,138g
9260,138g
9250,138g
9272,138g
9126,138g
9005,138g
9098,138g
9261,138g
9242,138g
9251,138g
9214,138g
9252,138g
9367,138g
9229,138g
9129,138g
9176,138g
9194,138g
9325,138g
9296,138g
9217,138g
9279,138g
9255,138g
9128,138g
9218,138g
9305,138g
9267,138g
9219,138g
9111,138g
9100,138g
9187,138g
9295,138g
9307,138g
9202,138g
9065,138g
9178,138g
9153,138g
9276,138g
9282,138g
9251,138g
9221,138g
9171,138g
9200,138g
9207,138g
9165,138g
9227,138g
9280,138g
9319,138g
9260,138g
9203,138g
9229,138g
9164,138g
9227,138g
9178,138g
9155,138g
9275,138g
9257,138g
9158,138g
9200,138g
9132,138g
9149,138g
9164,138g
9127,138g
9246,138g
9262,138g
9232,138g
9095,138g
9235,138g
9302,138g
9302,138g
9240,138g
9263,138g
9254,138g
9106,138g
9098,138g
9141,138g
9155,138g
9048,138g
9172,138g
9169,138g
9143,138g
9154,138g
9147,138g
9102,138g
9097,138g
9161,138g
9192,138g
9299,138g
9205,138g
9195,138g
9187,138g
9167,138g
9048,138g
9078,138g
9213,138g
9218,138g
9139,138g
9142,138g
9072,138g
9099,138g
9233,138g
9231,138g
9126,138g
9161,138g
9181,138g
9211,138g
9092,138g
9087,138g
9189,138g
9192,138g
9160,138g
9314,138g
9243,138g
9243,138g
9202,138g
9045,138g
9189,138g
9293,138g
9231,138g
9208,138g
9195,138g
9299,138g
9315,138g
9244,138g
9152,138g
9176,138g
9244,138g
9243,138g
9224,138g
9224,138g
9144,138g
9168,138g
9166,138g
9231,138g
9194,138g
9090,138g
9075,138g
9169,138g
9247,138g
9318,138g
9361,138g
9196,138g
9066,138g
9097,138g
9173,138g
9139,138g
9087,138g
9166,138g
9278,138g
9237,138g
9246,138g
9227,138g
9141,138g
9176,138g
9233,138g
9255,138g
9281,138g
9248,138g
9194,138g
9260,138g
9351,138g
9248,138g
9102,138g
9124,138g
9249,138g
9184,138g
9180,138g
9172,138g
9200,138g
9136,138g
9096,138g
9075,138g
9053,138g
8993,138g
9080,138g
9190,138g
9128,138g
9158,138g
9235,138g
9135,138g
9127,138g
9201,138g
9117,138g
9108,138g
9216,138g
9156,138g
9123,138g
9178,138g
9177,138g
9100,138g
9187,138g
9280,138g
9163,138g
9116,138g
9166,138g
9090,138g
9120,138g
9142,138g
9095,138g
9101,138g
9139,138g
9161,138g
9278,138g
9133,138g
9123,138g
9168,138g
9232,138g
9282,138g
9207,138g
9188,138g
9169,138g
9052,138g
9140,138g
9099,138g
9071,138g
9111,138g
9179,138g
9262,138g
9223,138g
9206,138g
9270,138g
9327,138g
9308,138g
9302,138g
9306,138g
9307,138g
9158,138g
9178,138g
9166,138g
9163,138g
9232,138g
9213,138g
9257,138g
9178,138g
9128,138g
9214,138g
9274,138g
9262,138g
9213,138g
9260,138g
9264,138g
9175,138g
9189,138g
9235,138g
9150,138g
9174,138g
9211,138g
9225,138g
9268,138g
9295,138g
9208,138g
9160,138g
9150,138g
9114,138g
9088,138g
9050,138g
9061,138g
9196,138g
9224,138g
9234,138g
9211,138g
9286,138g
9289,138g
9259,138g
9280,138g
9151,138g
9106,138g
9090,138g
9179,138g
9301,138g
9334,138g
9290,138g
9229,138g
9243,138g
9282,138g
9349,138g
9224,138g
9215,138g
9189,138g
9102,138g
9189,138g
9269,138g
9267,138g
9221,138g
9202,138g
9323,138g
9233,138g
9274,138g
9226,138g
9210,138g
9232,138g
9209,138g
9167,138g
9096,138g
9209,138g
9142,138g
9107,138g
9078,138g
9056,138g
9152,138g
9211,138g
9214,138g
9282,138g
9254,138g
9126,138g
9158,138g
9168,138g
9169,138g
9205,138g
9212,138g
9249,138g
9154,138g
9087,138g
9231,138g
9260,138g
9238,138g
9146,138g
9165,138g
9294,138g
9276,138g
9272,138g
9297,138g
9245,138g
9209,138g
9155,138g
9010,138g
9056,138g
9120,138g
9097,138g
9098,138g
9234,138g
9239,138g
9288,138g
9263,138g
9178,138g
9192,138g
9228,138g
9228,138g
9204,138g
9142,138g
9270,138g
9298,138g
9357,138g
9389,138g
9331,138g
9214,138g
9129,138g
9182,138g
9303,138g
9242,138g
9130,138g
9188,138g
9327,138g
9277,138g
9169,138g
9215,138g
9240,138g
9208,138g
9161,138g
9223,138g
9208,138g
9146,138g
9204,138g
9289,138g
9261,138g
9213,138g
9122,138g
9161,138g
9169,138g
9219,138g
9238,138g
9259,138g
9158,138g
9170,138g
9127,138g
9151,138g
9196,138g
9127,138g
9059,138g
9094,138g
9150,138g
9233,138g
9256,138g
9190,138g
9153,138g
9199,138g
9167,138g
9364,138g
9355,138g
9174,138g
9110,138g
9198,138g
9189,138g
9099,138g
9119,138g
9180,138g
9117,138g
9172,138g
9246,138g
9352,138g
9301,138g
9284,138g
9251,138g
9249,138g
9286,138g
9293,138g
9285,138g
9281,138g
9245,138g
9253,138g
9236,138g
9148,138g
9210,138g
9203,138g
9171,138g
9156,138g
9188,138g
9223,138g
9293,138g
9257,138g
9166,138g
9104,138g
9159,138g
9191,138g
9330,138g
9171,138g
9175,138g
9277,138g
9159,138g
9104,138g
9253,138g
9243,138g
9179,138g
9184,138g
9134,138g
9136,138g
9166,138g
9125,138g
9151,138g
9195,138g
9210,138g
9317,138g
9266,138g
9303,138g
9362,138g
9122,138g
9198,138g
9213,138g
9227,138g
9234,138g
9249,138g
9280,138g
9251,138g
9235,138g
9261,138g
9257,138g
9137,138g
9231,138g
9235,138g
9189,138g
9115,138g
9162,138g
9256,138g
9208,138g
9166,138g
9076,138g
9051,138g
9089,138g
9254,138g
9242,138g
9280,138g
9223,138g
9246,138g
9132,138g
9241,138g
9407,138g
9218,138g
9131,138g
9258,138g
9153,138g
9159,138g
9279,138g
9231,138g
9333,138g
9219,138g
9244,138g
9254,138g
9109,138g
9116,138g
9144,138g
9249,138g
9229,138g
9179,138g
9223,138g
9171,138g
9186,138g
9224,138g
9337,138g
9253,138g
9204,138g
9125,138g
9173,138g
9291,138g
9254,138g
9253,138g
9324,138g
9350,138g
9211,138g
9145,138g
9154,138g
9148,138g
9231,138g
9272,138g
9301,138g
9204,138g
9153,138g
9313,138g
9339,138g
9293,138g
9249,138g
9188,138g
9285,138g
9369,138g
9256,138g
9161,138g
9258,138g
9300,138g
9407,138g
9360,138g
9202,138g
9145,138g
9171,138g
9317,138g
9353,138g
9263,138g
9301,138g
9269,138g
9295,138g
9292,138g
9313,138g
9222,138g
9055,138g
9126,138g
9211,138g
9233,138g
9102,138g
9147,138g
9223,138g
9142,138g
9146,138g
9161,138g
9081,138g
9166,138g
9305,138g
9341,138g
9213,138g
9261,138g
9293,138g
9302,138g
9213,138g
9051,138g
9250,138g
9245,138g
9220,138g
9152,138g
9090,138g
9141,138g
9204,138g
9248,138g
9219,138g
9335,138g
9208,138g
9194,138g
9260,138g
9226,138g
9143,138g
9129,138g
9198,138g
9442,138g
9364,138g
9241,138g
9297,138g
9225,138g
9304,138g
9345,138g
9173,138g
9141,138g
9116,138g
9296,138g
9187,138g
9175,138g
9243,138g
9173,138g
9200,138g
9276,138g
9335,138g
9311,138g
9181,138g
9193,138g
9228,138g
9285,138g
9280,138g
9226,138g
9267,138g
9280,138g
9268,138g
9206,138g
9223,138g
9162,138g
9213,138g
9182,138g
9102,138g
9126,138g
9238,138g
9194,138g
9215,138g
9147,138g
9185,138g
9214,138g
9234,138g
9217,138g
9279,138g
9347,138g
9347,138g
9244,138g
9217,138g
9266,138g
9216,138g
9093,138g
9136,138g
9201,138g
9231,138g
9192,138g
9184,138g
9228,138g
9188,138g
9201,138g
9272,138g
9291,138g
9306,138g
9195,138g
9159,138g
9281,138g
9312,138g
9177,138g
9186,138g
9197,138g
9335,138g
9334,138g
9262,138g
9249,138g
9255,138g
9162,138g
9221,138g
9234,138g
9228,138g
9266,138g
9231,138g
9252,138g
9163,138g
9124,138g
8995,138g
9035,138g
9159,138g
9277,138g
9268,138g
9214,138g
9238,138g
9289,138g
9239,138g
9173,138g
9079,138g
9107,138g
9167,138g
9184,138g
9213,138g
9259,138g
9323,138g
9289,138g
9385,138g
9263,138g
9141,138g
9236,138g
9236,138g
9199,138g
9136,138g
9088,138g
9122,138g
9193,138g
9277,138g
9225,138g
9211,138g
9126,138g
9153,138g
9201,138g
9164,138g
9154,138g
9085,138g
9104,138g
9255,138g
9283,138g
9202,138g
9186,138g
9175,138g
9107,138g
9143,138g
9257,138g
9249,138g
9295,138g
9206,138g
9199,138g
9211,138g
9207,138g
9265,138g
9174,138g
9209,138g
9244,138g
9160,138g
9080,138g
9116,138g
9190,138g
9207,138g
9240,138g
9212,138g
9208,138g
9273,138g
9294,138g
9265,138g
9259,138g
9219,138g
9189,138g
9170,138g
9163,138g
9067,138g
9107,138g
9275,138g
9246,138g
9144,138g
9197,138g
9268,138g
9187,138g
9120,138g
9020,138g
9202,138g
9212,138g
9148,138g
9208,138g
9185,138g
9242,138g
9196,138g
9172,138g
9127,138g
9201,138g
9248,138g
9253,138g
9230,138g
9249,138g
9279,138g
9187,138g
9179,138g
9259,138g
9240,138g
9211,138g
9166,138g
9192,138g
9084,138g
9122,138g
9199,138g
9358,138g
9265,138g
9218,138g
9282,138g
9196,138g
9189,138g
9324,138g
9268,138g
9202,138g
9270,138g
9291,138g
9318,138g
9229,138g
9276,138g
9209,138g
9195,138g
9195,138g
9159,138g
9078,138g
9148,138g
9231,138g
9246,138g
9159,138g
9200,138g
9161,138g
9166,138g
9251,138g
9293,138g
9245,138g
9167,138g
9247,138g
9200,138g
9225,138g
9181,138g
9197,138g
9216,138g
9286,138g
9282,138g
9205,138g
9252,138g
9377,138g
9317,138g
9258,138g
9147,138g
9119,138g
9222,138g
9248,138g
9211,138g
9196,138g
9221,138g
9285,138g
9189,138g
9091,138g
9197,138g
9289,138g
9296,138g
9214,138g
9137,138g
9184,138g
9227,138g
9214,138g
9155,138g
9121,138g
9112,138g
9145,138g
9092,138g
9097,138g
9214,138g
9248,138g
9195,138g
9196,138g
9130,138g
9191,138g
9347,138g
9318,138g
9231,138g
9333,138g
9326,138g
9146,138g
9039,138g
9133,138g
9126,138g
9177,138g
9247,138g
9129,138g
9227,138g
9236,138g
9156,138g
9173,138g
9266,138g
9315,138g
9242,138g
9219,138g
9259,138g
9264,138g
9172,138g
9139,138g
9230,138g
9249,138g
9238,138g
9150,138g
9227,138g
9168,138g
9123,138g
9162,138g
9147,138g
9238,138g
9270,138g
9335,138g
9337,138g
9298,138g
9243,138g
9278,138g
9251,138g
9158,138g
9095,138g
9131,138g
9214,138g
9331,138g
9261,138g
9202,138g
9221,138g
9232,138g
9154,138g
9213,138g
9200,138g
9228,138g
9151,138g
9181,138g
9219,138g
9189,138g
9130,138g
9136,138g
9006,138g
9081,138g
9192,138g
9277,138g
9194,138g
9126,138g
9169,138g
9262,138g
9154,138g
9124,138g
9208,138g
9292,138g
9312,138g
9416,138g
9346,138g
9298,138g
9097,138g
9037,138g
9100,138g
9131,138g
9152,138g
9168,138g
9239,138g
9294,138g
9277,138g
9197,138g
9205,138g
9166,138g
9264,138g
9262,138g
9191,138g
9140,138g
9139,138g
9232,138g
9255,138g
9237,138g
9088,138g
9113,138g
9167,138g
9215,138g
9237,138g
9269,138g
9215,138g
9098,138g
9152,138g
9240,138g
9178,138g
9229,138g
9281,138g
9272,138g
9344,138g
9329,138g
9262,138g
9222,138g
9261,138g
9102,138g
9129,138g
9148,138g
9169,138g
9157,138g
9084,138g
9105,138g
9168,138g
9183,138g
9263,138g
9261,138g
9258,138g
9172,138g
9219,138g
9251,138g
9320,138g
9259,138g
9197,138g
9267,138g
9272,138g
9203,138g
9197,138g
9197,138g
9204,138g
9257,138g
9179,138g
8944,138g
9038,138g
9195,138g
9216,138g
9245,138g
9219,138g
9292,138g
9251,138g
9242,138g
9274,138g
9195,138g
9152,138g
9270,138g
9363,138g
9333,138g
9194,138g
9046,138g
9069,138g
9251,138g
9251,138g
9315,138g
9293,138g
9191,138g
9121,138g
9177,138g
9184,138g
9215,138g
9306,138g
9291,138g
9279,138g
9237,138g
9230,138g
9260,138g
9220,138g
9231,138g
9311,138g
9262,138g
9224,138g
9289,138g
9295,138g
9316,138g
9258,138g
9175,138g
9178,138g
9234,138g
9306,138g
9283,138g
9287,138g
9189,138g
9138,138g
9107,138g
9154,138g
9070,138g
9083,138g
9214,138g
9200,138g
9255,138g
9273,138g
9214,138g
9187,138g
9266,138g
9305,138g
9193,138g
9118,138g
9164,138g
9267,138g
9209,138g
9145,138g
9289,138g
9259,138g
9190,138g
9220,138g
