iphone14,Weight: 194g
7843
7802
7883
7905
7781
7848
7803
7633
7710
7732
7712
7710
7654
7615
7596
7647
7540
7567
7617
7648
7601
7515
7406
7344
7383
7338
7353
7229
7109
7199
7259
7240
7236
7078
7021
7079
6998
6902
6758
6708
6839
6791
6693
6521
6426
6410
6375
6371
6502
6370
6238
6098
6145
6112
5979
5922
6108
6064
5884
5812
5840
5811
5772
5769
5732
5697
5707
5633
5683
5719
5540
5537
5533
5578
5641
5715
5716
5690
5793
5814
5773
5761
5799
5807
5835
5843
5766
5877
5920
5938
5853
5887
5903
5932
5951
5827
5809
5882
5935
5875
5877
5849
5873
5971
5995
5977
5963
5961
5920
5928
5984
5982
5921
5930
5927
5913
5904
5944
5978
5963
6020
5970
5918
5884
5872
5875
5970
5896
5931
5969
5985
5964
5969
5991
5980
5947
5965
5985
6003
5997
6022
5987
6013
6085
6090
6037
5969
5963
6004
6081
6014
6071
6003
6016
6035
6070
6169
6066
6078
6120
6228
6194
6194
6236
6323
6297
6286
6246
6325
6396
6380
6431
6390
6364
6319
6386
6507
6457
6443
6416
6572
6583
6575
6635
6652
6692
6764
6806
6899
6798
6785
6748
6818
6924
6959
6960
6988
6956
6988
6985
7027
6976
7052
7068
7058
7059
7048
7067
7123
7063
6955
6962
7014
7067
7007
7164
7101
7111
6983
6876
6871
6905
6930
6902
6933
6916
6926
6831
6872
6863
6873
6865
6827
6938
6933
6887
6868
6908
7013
6980
6899
6890
6916
6923
7000
6987
6927
6938
6935
6828
6884
6844
6829
6921
6777
6731
6770
6770
6785
6755
6709
6814
6851
6686
6635
6683
6665
6689
6729
6729
6717
6725
6684
6648
6695
6693
6677
6641
6692
6729
6750
6739
6680
6708
6714
6710
6855
6775
6776
6807
6818
6879
6826
6833
6845
6855
6931
6947
6998
7011
6993
7057
7023
7066
7044
7045
7044
7138
7130
7072
7074
7189
7228
7227
7256
7241
7254
7269
7189
7220
7284
7364
7250
7259
7305
7305
7259
7280
7306
7402
7384
7305
7346
7348
7379
7450
7498
7537
7555
7674
7574
7463
7594
7590
7589
7671
7674
7704
7724
7698
7709
7700
7784
7817
7754
7762
7841
7768
7771
7811
7881
7935
7848
7806
7927
7944
7960
7989
7914
7907
7858
7834
7804
7827
7920
7957
8007
7992
7975
7958
7877
7938
7896
7852
7823
7872
7851
7847
7866
7861
7790
7802
7835
7839
7795
7748
7749
7705
7717
7798
7817
7755
7742
7792
7789
7769
7779
7816
7776
7818
7811
7676
7809
7923
7841
7778
7773
7805
7894
7849
7876
7846
7796
7895
7930
7838
7789
7863
7956
7975
7908
7913
7945
8039
7989
8017
7995
8012
7970
8022
8085
8026
7929
7974
8081
8126
8065
8072
8176
8150
8066
8091
8110
8093
8049
8153
8111
8113
8146
8160
8099
8074
8057
8239
8239
8201
8189
8212
8199
8266
8317
8336
8383
8414
8375
8308
8237
8256
8338
8368
8386
8299
8292
8363
8434
8416
8437
8440
8429
8449
8477
8438
8390
8363
8477
8443
8437
8493
8485
8496
8563
8616
8557
8562
8572
8593
8571
8565
8689
8659
8537
8567
8653
8727
8706
8687
8662
8690
8626
8632
8730
8744
8636
8660
8693
8738
8797
8731
8734
8672
8657
8682
8678
8670
8627
8655
8728
8745
8737
8694
8769
8844
8783
8701
8739
8743
8754
8732
8706
8748
8702
8781
8725
8730
8739
8755
8745
8735
8768
8775
8749
8744
8750
8688
8722
8743
8633
8674
8713
8679
8666
8638
8582
8570
8636
8450
8426
8549
8626
8642
8643
8586
8445
8555
8522
8419
8535
8600
8734
8643
8390
8554
8729
8678
8575
8367
8356
8497
8511
8519
8465
8388
8410
8299
8357
8458
8399
8411
8372
8406
8478
8388
8312
8476
8467
8514
8632
8561
8478
8591
8603
8516
8527
8608
8596
8618
8574
8440
8392
8382
8531
8508
8447
8467
8496
8482
8572
8544
8441
8494
8390
8388
8515
8470
8436
8422
8354
8413
8454
8464
8487
8593
8476
8494
8652
8492
8475
8457
8628
8623
8589
8560
8592
8572
8527
8526
8583
8624
8569
8491
8587
8691
8536
8471
8489
8619
8584
8661
8617
8473
8489
8541
8521
8567
8588
8548
8465
8555
8620
8570
8604
8532
8429
8532
8601
8627
8489
8422
8411
8508
8616
8608
8526
8523
8489
8513
8544
8494
8418
8527
8533
8462
8413
8491
8547
8593
8505
8406
8402
8521
8461
8462
8450
8431
8445
8446
8452
8378
8349
8321
8397
8353
8345
8338
8322
8321
8242
8274
8251
8183
8200
8234
8302
8321
8222
8182
8050
8169
8180
8136
8089
8115
8044
8025
7951
7987
8056
7964
7951
7928
8014
7963
7855
7884
7876
7899
7853
7803
7799
7936
7949
7799
7744
7759
7798
7829
7855
7789
7743
7705
7670
7693
7560
7609
7704
7698
7654
7642
7660
7611
7558
7537
7599
7553
7557
7697
7680
7609
7558
7648
7663
7644
7616
7635
7697
7622
7587
7626
7657
7581
7619
7607
7597
7668
7660
7693
7642
7635
7634
7673
7671
7643
7624
7589
7648
7722
7721
7706
7700
7641
7700
7810
7759
7706
7700
7674
7681
7776
7808
7731
7785
7739
7744
7805
7756
7760
7782
7838
7856
7780
7774
7765
7698
7743
7744
7663
7634
7667
7606
7690
7710
7752
7762
7744
7717
7668
7665
7678
7701
7744
7536
7471
7473
7532
7642
7650
7666
7561
7558
7470
7372
7396
7445
7524
7513
7415
7463
7441
7285
7290
7323
7292
7319
7246
7315
7388
7306
7254
7172
7249
7185
7289
7270
7259
7374
7361
7441
7316
7334
7372
7418
7433
7287
7327
7362
7447
7450
7453
7434
7461
7408
7453
7412
7492
7306
7313
7497
7498
7471
7440
7478
7458
7364
7315
7467
7522
7425
7477
7484
7420
7389
7431
7410
7415
7491
7403
7360
7439
7495
7523
7406
7321
7339
7345
7367
7313
7336
7246
7188
7211
7258
7262
7237
7123
7110
7106
7146
7163
7249
7197
6989
7102
7155
7140
7083
7081
7047
7202
7134
7086
7101
7105
7010
7064
7166
7155
7030
7103
7253
7183
7148
7116
6908
6871
7094
7078
7126
7136
7135
7125
7163
7098
7046
7067
7029
7019
7124
6978
6835
6990
7077
7106
7206
7032
7058
7050
6986
6915
6848
6869
7037
6927
6938
7088
7019
7061
7020
6951
6919
7024
7008
7005
7034
7019
6997
7047
7014
7014
7128
7042
6950
6958
7029
7073
7027
7094
7113
7091
7143
7090
7124
7230
7216
7219
7247
7241
7291
7304
7353
7389
7332
7353
7401
7348
7300
7388
7364
7418
7398
7403
7481
7553
7497
7525
7522
7542
7509
7580
7671
7668
7619
7578
7643
7683
7712
7739
7770
7847
7738
7658
7660
7733
7748
7691
7700
7787
7850
7858
7859
7809
7849
7897
7898
7965
7981
7951
7936
7884
7930
8018
8060
7988
7950
7998
8033
8129
8087
8018
8037
8002
8042
8034
8038
8029
8035
8089
8073
7984
8086
8125
8132
8127
8126
8162
8196
8216
8061
8119
8239
8274
8231
8210
8225
8193
8247
8195
8228
8265
8343
8340
8372
8307
8375
8327
8461
8410
8375
8450
8476
8457
8456
8429
8471
8457
8468
8462
8483
8439
8527
8541
8540
8532
8602
8587
8560
8535
8515
8587
8684
8704
8628
8591
8584
8597
8679
8668
8647
8646
8642
8590
8556
8508
8666
8752
8751
8749
8631
8675
8724
8692
8690
8655
8640
8602
8601
8646
8704
8609
8617
8630
8683
8620
8630
8649
8698
8680
8650
8597
8665
8742
8672
8670
8722
8687
8565
8548
8613
8688
8699
8680
8647
8691
8704
8706
8722
8728
8760
8722
8699
8744
8672
8749
8641
8769
8765
8724
8696
8768
8740
8728
8713
8708
8722
8747
8673
8609
8653
8725
8790
8767
8737
8775
8781
8821
8729
8786
8837
8740
8774
8841
8841
8839
8854
8857
8920
8923
8958
9035
9085
9009
8914
8977
8983
9046
9132
9093
9152
9117
9100
9115
9123
9159
9291
9247
9221
9301
9288
9303
9345
9432
9404
9257
9291
9370
9319
9317
9426
9434
9351
9366
9411
9416
9348
9235
9341
9340
9360
9468
9443
9390
9425
9413
9463
9496
9470
9502
9540
9518
9551
9547
9479
9541
9501
9568
9606
9626
9620
9636
9668
9657
9616
9557
9606
9642
9626
9656
9646
9697
9642
9742
9794
9842
9743
9706
9627
9610
9618
9745
9798
9752
9721
9754
9745
9775
9682
9700
9769
9862
9907
9884
9927
9990
9861
9711
9841
9880
9843
10001
10087
9972
9958
9958
9912
9985
10040
10004
10003
10071
10110
10067
10029
10168
10095
10018
10047
10062
10156
10205
10082
10134
10244
10127
10119
10057
10055
10238
10242
10142
10131
10216
10212
10248
10332
10206
10160
10129
10220
10276
10329
10192
10225
10284
10211
10238
10248
10338
10319
10267
10360
10395
10374
10316
10328
10380
10324
10340
10294
10363
10364
10331
10402
10423
10340
10362
10413
10383
10413
10383
10429
10459
10430
10457
10424
10429
10402
10455
10486
10453
10414
10390
10448
10328
10322
10414
10514
10404
10431
10417
10331
10344
10431
10446
10405
10363
10244
10354
10388
10360
10302
10263
10346
10293
10292
10346
10247
10212
10208
10227
10165
10231
10128
10110
10189
10259
10180
10153
10040
10105
10177
10186
10147
10084
10023
10102
10048
10063
10189
10010
10095
10158
10098
10017
9999
10033
10045
10017
10013
10090
9983
9983
10024
10101
10082
10001
10034
10070
9976
9964
10089
10133
10024
9970
10011
10075
10070
10027
9975
9930
10035
10028
10013
10064
10072
10066
9994
9996
9961
9980
9990
10015
9930
9926
9925
9903
9919
9931
9934
9998
10065
9911
9849
9882
9920
9996
9991
9878
9890
10073
9994
9938
9971
9997
9944
9858
9825
9808
9855
9829
9838
9840
9878
9981
9968
9883
9956
9925
9851
9862
9848
9749
9724
9888
9847
9872
9887
9811
9889
9796
9783
9849
9958
9903
9804
9845
9884
9827
9841
9838
9831
9830
9767
9805
9837
9722
9750
9831
9829
9774
9748
9761
9731
9733
9635
9627
9708
9712
9726
9713
9753
9754
9691
9639
9692
9694
9692
9765
9796
9764
9664
9556
9664
9732
9629
9636
9689
9729
9669
9684
9567
9577
9616
9630
9603
9588
9625
9772
9704
9582
9662
9608
9629
9626
9632
9698
9651
9672
9574
9497
9515
9468
9538
9499
9507
9586
9720
9730
9654
9631
9579
9496
9554
9578
9603
9624
9579
9624
9696
9623
9575
9587
9522
9599
9549
9491
9644
9611
9520
9567
9612
9653
9467
9601
9702
9628
9562
9447
9404
9534
9571
9439
9377
9364
9420
9407
9430
9364
9458
9499
9514
9475
9448
9387
9418
9440
9383
9417
9440
9328
9264
9286
9268
9273
9376
9406
9377
9338
9260
9371
9351
9288
9256
9242
9255
9314
9324
9235
9233
9269
9339
9269
9135
9253
9367
9252
9275
9170
9278
9396
9359
9195
9271
9216
9171
9218
9197
9175
9161
9178
9220
9227
9214
9274
9286
9296
9229
9264
9313
9224
9209
9247
9292
9284
9256
9306
9272
9253
9243
9277
9276
9301
9229
9231
9221
9201
9221
9339
9257
9199
9177
9198
9248
9252
9214
9288
9357
9277
9242
9308
9261
9313
9313
9261
9306
9288
9321
9330
9275
9273
9234
9256
9337
9277
9353
9453
9403
9426
9330
9309
9260
9250
9240
9219
9299
9315
9459
9481
9422
9339
9359
9395
9290
9323
9438
9351
9424
9480
9465
9442
9552
9495
9462
9415
9464
9471
9427
9430
9551
9568
9503
9482
9429
9514
9524
9515
9522
9537
9489
9534
9585
9525
9540
9480
9501
9511
9576
9486
9493
9568
9676
9606
9609
9640
9662
9628
9675
9598
9545
9639
9663
9661
9669
9661
9626
9539
9614
9567
9503
9587
9627
9629
9654
9674
9688
9709
9664
9644
9682
9582
9605
9627
9650
9549
9434
9528
9565
9667
9638
9647
9669
9665
9542
9454
9510
9569
9595
9499
9518
9551
9598
9580
9566
9621
9674
9616
9528
9531
9564
9663
9692
9677
9601
9564
9644
9584
9643
9597
9659
9769
9638
9542
9641
9559
9548
9616
9628
9669
9673
9694
9737
9672
9644
9683
9689
9663
9635
9601
9679
9728
9592
9597
9568
9576
9586
9711
9717
9674
9617
9658
9665
9597
9604
9623
9497
9459
9466
9506
9477
9460
9417
9446
9422
9442
9464
9352
9298
9315
9274
9322
9348
9344
9342
9256
9376
9408
9341
9284
9314
9353
9236
9154
9243
9178
9180
9140
9161
9201
9138
9128
9073
9082
9023
9060
9051
9032
9047
8970
8917
9005
8970
8933
8958
8979
8968
8869
8853
8921
8901
8884
8912
8910
8923
8873
8863
8848
8832
8874
8901
8949
8803
8753
8766
8837
8903
8779
8742
8783
8759
8747
8791
8713
8640
8679
8690
8773
8808
8723
8692
8790
8845
8781
8789
8768
8799
8850
8848
8889
8839
8848
8834
8767
8797
8827
8791
8765
8779
8849
8836
8830
8843
8808
8739
8718
8770
8820
8835
8895
8877
8831
8766
8743
8785
8714
8733
8850
8824
8781
8816
8855
8826
8843
8847
8905
8850
8822
8848
8888
8855
8848
8955
8945
8872
8860
8811
8832
8828
8780
8818
8788
8830
8880
8894
8954
8953
8760
8804
8828
8790
8818
8844
8974
8946
8781
8765
8823
8841
8832
8813
8876
8891
8901
8929
8880
8913
8897
8781
8860
8898
8857
8791
8897
8862
8904
8932
8863
8843
8789
8755
8786
8803
8887
8871
8782
8838
8904
8808
8815
8851
8792
8773
8811
8790
8883
8877
8849
8873
8885
8850
8901
8888
8800
8850
8847
8789
8859
8778
8812
8886
8775
8884
8877
8846
8742
8807
8850
8862
8890
8880
8882
8838
8861
8769
8783
8723
8741
8827
8856
8816
8846
8882
8866
8782
8793
8732
8747
8788
8838
8807
8822
8827
8802
8865
8810
8780
8814
8833
8852
8770
8741
8711
8783
8839
8892
8843
8772
8725
8749
8737
8730
8821
8867
8772
8752
8839
8764
8755
8782
8701
8722
8767
8768
8789
8714
8715
8741
8755
8841
8880
8855
8774
8750
8702
8649
8709
8793
8804
8796
8840
8767
8779
8815
8871
8860
8863
8826
8758
8925
8945
8998
8865
8811
8825
8901
8895
8885
8910
8783
8771
8743
8883
8891
8822
8865
8829
8837
8858
8805
8916
8913
8884
8899
8933
8963
9001
8981
8865
8892
8914
8966
8951
8923
8919
8950
8968
8968
8946
9020
9058
9034
9055
9056
8951
8960
9008
9068
9058
8999
9024
9097
9034
9016
9050
9042
9060
9082
9093
9095
8982
9031
9070
9058
9027
8985
9015
9032
8969
8982
8927
8853
8970
9041
9070
9105
9033
9076
9054
9078
9008
9006
9070
9146
9075
9107
9106
9031
9020
9112
9109
9096
9075
9004
8935
9019
9061
9028
9054
9018
8945
8983
8982
8992
8965
8957
9000
9030
9028
9041
8958
8969
9111
9098
9196
9219
9109
9035
9109
9035
8990
9003
8867
8973
9043
8977
8939
9014
9054
9013
8968
9017
9095
9097
9056
9004
9022
9036
8983
9021
9067
9010
9021
9042
8968
9009
8938
8924
8929
9007
9028
8945
9047
9035
8887
9009
8957
8899
8974
8943
8898
8945
8956
8977
8955
8918
8953
8964
8941
9006
9045
9107
9040
8971
8943
8956
8985
8914
8975
9000
8969
8850
8915
8968
8984
8902
8877
8964
8912
8961
8980
8881
8875
8843
8898
8861
8807
8901
8891
8900
8878
8853
8898
8907
8903
8917
8925
8865
8871
8840
8789
8924
8871
8868
8847
8834
8908
8890
8808
8830
8860
8817
8893
8883
8880
8797
8817
8802
8706
8784
8926
8873
8929
8936
8867
8870
8930
8968
9022
8927
8896
8915
8924
8861
8836
8845
8884
8812
8735
8782
8783
8710
8738
8775
8713
8682
8810
8787
8705
8758
8892
8722
8758
8824
8804
8762
8661
8625
8668
8717
8720
8713
8692
8708
8662
8621
8680
8805
8791
8756
8750
8655
8611
8778
8659
8606
8695
8719
8681
8712
8678
8640
8645
8659
8687
8716
8679
8590
8671
8689
8647
8725
8624
8618
8622
8627
8694
8672
8640
8669
8572
8624
8619
8617
8609
8589
8718
8753
8774
8764
8773
8748
8679
8621
8595
8580
8568
8600
8644
8621
8586
8665
8680
8662
8738
8710
8648
8640
8739
8741
8708
8672
8648
8671
8670
8583
8632
8569
8599
8684
8615
8608
8585
8636
8594
8615
8634
8591
8623
8620
8546
8601
8566
8489
8380
8349
8442
8432
8537
8570
8524
8546
8511
8483
8509
8565
8564
8491
8497
8568
8546
8562
8581
8540
8482
8476
8426
8369
8446
8473
8430
8410
8506
8466
8355
8367
8421
8436
8374
8336
8507
8497
8389
8410
8495
8466
8386
8492
8355
8331
8256
8317
8417
8405
8400
8382
8417
8465
8571
8440
8341
8326
8415
8418
8107
8322
8432
8472
8423
8298
8354
8270
8283
8381
8392
8290
8384
8389
8407
8318
8366
8441
8305
8319
8369
8344
8386
8541
8325
8284
8287
8381
8295
8372
8507
8474
8371
8370
8245
8211
8445
8363
8323
8305
8297
8366
8342
8336
8294
8241
8341
8405
8437
8381
8336
8432
8453
8555
8397
8384
8423
8448
8487
8448
8385
8289
8316
8287
8259
8226
8293
8452
8490
8475
8386
8385
8478
8385
8297
8272
8290
8422
8377
8347
8460
8445
8338
8337
8306
8360
8485
8422
8302
8464
8400
8369
8370
8403
8351
8326
8363
8348
8258
8329
8368
8379
8339
8452
8445
8389
8389
8489
8371
8323
8245
8347
8387
8404
8468
8460
8435
8422
8348
8462
8489
8424
8412
8407
8501
8531
8509
8433
8420
8408
8435
8508
8559
8438
8332
8422
8426
8434
8435
8461
8491
8467
8471
8483
8415
8515
8603
8593
8602
8499
8456
8505
8596
8609
8540
8469
8468
8533
8499
8497
8608
8604
8519
8561
8613
8593
8595
8582
8558
8539
8607
8651
8484
8509
8537
8618
8520
8560
8629
8685
8678
8603
8603
8651
8694
8723
8663
8700
8629
8555
8601
8574
8545
8550
8548
8491
8490
8490
8532
8576
8547
8474
8460
8432
8374
8346
8350
8342
8273
8274
8347
8366
8309
8302
8349
8291
8243
8365
8307
8285
8216
8310
8305
8226
8178
8258
8284
8316
8266
8244
8164
8219
8186
8114
8128
8106
8146
8294
8356
8185
8064
8130
8224
8281
8133
8141
8256
8229
8179
8237
8199
8211
8227
8185
8224
8165
8201
8292
8237
8158
8109
8128
8116
8067
8073
8066
8093
8096
8111
8048
7955
8022
8078
8091
8017
7946
7991
7935
7969
7998
7999
7990
7980
7990
7971
8102
8075
8024
8034
8041
8107
8190
8113
8011
8013
7934
7971
8053
8062
8039
8115
8059
8010
7897
7919
7959
8017
8037
8103
8079
8059
8128
8118
8096
8144
8102
8062
8146
8125
8089
8095
8016
8109
8140
8039
8031
7951
8069
8132
8064
8053
8102
8087
8090
8030
8014
8034
8189
8181
8161
8084
7984
8075
8090
8090
8106
8127
8102
8083
8068
8071
8096
8091
8118
8133
8149
8143
8147
8166
8141
8183
8141
8098
8129
8197
8101
8064
8135
8175
8145
8145
8189
8148
8115
8097
8176
8126
8133
8138
8172
8217
8146
8070
8067
8135
8294
8315
8259
8065
8058
8181
8143
8079
8100
8104
8119
8178
8133
8103
8143
8126
8162
8158
8090
8160
8222
8131
8118
8164
8112
8177
8184
8080
8190
8209
8118
8051
8019
8117
8186
8241
8202
8172
8148
8162
8155
8136
8211
8235
8126
8139
8255
8265
8269
8220
8193
8211
8171
8166
8234
8143
8205
8153
8230
8186
8205
8245
8194
8200
8207
8238
8144
8116
8198
8284
8179
8133
8136
8103
8161
8287
8248
8259
8261
8253
8254
8287
8334
8246
8169
8213
8262
8256
8256
8295
8245
8322
8271
8348
8353
8293
8266
8292
8354
8363
8292
8258
8343
8378
8470
8428
8375
8440
8391
8283
8354
8435
8465
8437
8456
8393
8407
8370
8371
8360
8394
8403
8500
8498
8511
8466
8428
8456
8510
8552
8529
8606
8567
8509
8567
8580
8605
8725
8751
8601
8538
8517
8473
8582
8638
8611
8814
8823
8657
8596
8691
8585
8665
8683
8646
8674
8786
8813
8783
8705
8672
8745
8795
8788
8773
8707
8676
8759
8772
8781
8729
8707
8861
8912
8923
8827
8871
8838
8815
8923
8899
8918
8925
8940
8959
8910
8909
8877
8836
8893
8828
8818
8970
9038
9021
8956
8974
8933
8940
8985
8966
8988
8945
8915
8964
8930
8930
9011
8974
8961
8966
8964
9056
9048
9047
9034
9052
9022
9046
9011
8993
8983
8973
8955
9016
9048
9064
9067
9106
9157
9095
9033
9083
9111
9114
9144
9144
9022
9004
9164
9196
9207
9193
9155
9160
9111
9107
9154
9168
9157
9148
9213
9295
9102
9139
9177
9174
9142
9117
9167
9222
9240
9213
9203
9238
9261
9297
9280
9273
9280
9251
9290
9311
9273
9301
9380
9295
9282
9286
9289
9269
9232
9307
9288
9254
9276
9311
9297
9275
9256
9261
9227
9311
9354
9333
9283
9231
9286
9342
9347
9494
9406
9342
9347
9386
9360
9301
9358
9450
9374
9352
9359
9303
9257
9333
9398
9434
9374
9376
9345
9444
9430
9418
9347
9439
9338
9342
9443
9405
9418
9407
9471
9343
9442
9459
9473
9510
9539
9566
9517
9496
9590
9566
9540
9440
9494
9583
9492
9463
9469
9558
9521
9498
9477
9509
9552
9558
9560
9537
9535
9490
9563
9585
9588
9582
9519
9494
9543
9529
9505
9626
9588
9561
9503
9531
9624
9601
9590
9491
9535
9509
9523
9547
9532
9461
9595
9618
9620
9575
9531
9476
9461
9526
9639
9394
9391
9446
9562
9496
9319
9394
9435
9502
9495
9443
9508
9494
9469
9490
9437
9443
9452
9316
9291
9373
9306
9392
9482
9425
9336
9261
9284
9333
9382
9360
9285
9251
9244
9253
9236
9296
9265
9319
9396
9384
9357
9389
9345
9252
9184
9138
9213
9296
9241
9204
9256
9216
9227
9346
9343
9237
9198
9275
9327
9303
9286
9283
9234
9344
9298
9282
9304
9239
9195
9201
9215
9240
9257
9295
9291
9199
9237
9242
9191
9183
9304
9285
9191
9214
9324
9289
9213
9244
9288
9359
9261
9206
9224
9238
9222
9244
9206
9170
9178
9093
9146
9234
9271
9201
9195
9234
9237
9191
9107
9060
9116
9114
9098
9182
9154
9066
9051
9131
9268
9291
9170
9083
9090
9125
9098
9102
9171
9177
9220
9078
9120
9208
9164
9103
9158
9119
9189
9165
9139
9142
9113
9131
9187
9186
9074
9085
9069
9040
9125
9016
8962
9092
9118
9076
9203
9107
9022
9142
9178
9095
9084
9061
9037
9024
9029
9029
9072
9162
9083
8944
9031
8968
9024
9099
9080
9029
9027
8993
8997
8994
8998
8968
9023
9084
9102
9186
9152
9089
8979
9030
9102
9014
8962
9013
9012
9081
9013
8983
8995
8932
8969
8951
8961
8993
8971
8889
8895
8936
8967
9071
8969
8948
8986
9006
9062
9017
8991
9005
9030
9014
8851
8854
8990
8970
9049
8990
8950
9003
9034
9025
9000
9002
8993
9058
9003
9041
9096
9086
8960
8955
8977
8959
8951
8937
8978
8981
8972
9007
8992
8987
9034
8995
9074
9053
9083
9125
9041
8982
9010
9067
8995
8974
9060
9090
9112
9068
9040
9076
9157
9244
9144
9098
9185
9245
9323
9209
9118
9118
9171
9161
9157
9204
9168
9236
9176
9222
9230
9154
9137
9157
9123
9255
9270
9225
9145
9141
9224
9193
9243
9212
9225
9193
9334
9178
9145
9243
9308
9298
9275
9292
9252
9224
9288
9264
9362
9369
9348
9308
9279
9275
9288
9291
9260
9230
9304
9295
9270
9224
9214
9255
9247
9249
9245
9125
9138
9142
9159
9210
9191
9190
9148
9165
9208
9268
9127
9011
8965
9043
9037
9051
9032
9052
9142
9151
9056
8975
9064
9132
9068
9049
9001
9028
9050
9018
9066
9070
9035
8933
9000
9023
8967
8962
8982
8997
8999
8981
8927
8904
8879
8888
8898
8989
8990
8870
8864
8913
8944
8888
8876
8902
8869
8833
8871
8873
8864
8819
8799
8766
8869
8846
8748
8695
8782
8816
8817
8794
8848
8833
8764
8721
8647
8748
8802
8864
8881
8889
8861
8861
8870
8773
8786
8782
8789
8763
8780
8732
8701
8774
8818
8770
8779
8830
8844
8847
8813
8809
8753
8762
8811
8820
8850
8823
8779
8848
8887
8835
8633
8776
8747
8692
8678
8723
8737
8730
8817
8874
8796
8768
8755
8683
8841
8739
8757
8799
8781
8841
8865
8884
8767
8717
8720
8771
8801
8837
8892
8891
8892
8806
8723
8809
8822
8876
8806
8822
8795
8792
8841
8830
8805
8709
8683
8751
8694
8694
8745
8795
8840
8798
8785
8761
8668
8708
8774
8771
8780
8794
8836
8733
8747
8747
8736
8753
8833
8741
8784
8781
8786
8771
8797
8781
8734
8711
8681
8736
8749
8675
8697
8710
8721
8769
8746
8561
8644
8730
8686
8722
8773
8757
8723
8764
8721
8676
8676
8623
8676
8695
8766
8728
8649
8628
8661
8757
8731
8643
8605
8493
8588
8660
8592
8690
8631
8507
8520
8664
8672
8654
8681
8712
8633
8573
8490
8658
8742
8652
8566
8621
8660
8564
8459
8456
8621
8638
8671
8647
8524
8537
8571
8642
8677
8580
8514
8537
8592
8639
8627
8592
8545
8467
8552
8595
8587
8587
8619
8679
8568
8569
8554
8487
8502
8496
8490
8523
8619
8589
8549
8537
8513
8467
8446
8445
8541
8650
8601
8585
8608
8499
8426
8458
8490
8452
8461
8528
8565
8552
8568
8517
8440
8468
8475
8468
8486
8504
8520
8510
8526
8524
8413
8322
8430
8538
8525
8507
8397
8433
8462
8466
8404
8392
8344
8325
8326
8348
8281
8395
8482
8318
8336
8401
8329
8290
8336
8409
8318
8239
8250
8317
8400
8391
8227
8335
8431
8334
8287
8259
8274
8237
8264
8202
8147
8207
8262
8172
8184
8264
8222
8164
8178
8258
8303
8235
8209
8122
8207
8200
8103
8070
8085
8133
8217
8157
8133
8230
8255
8235
8227
8190
8205
8290
8245
8184
8212
8193
8158
8142
8200
8266
8256
8212
8173
8097
8106
8079
8059
8108
8144
8222
8209
8237
8194
8136
8148
8170
8285
8223
8195
8227
8263
8247
8229
8278
8274
8210
8179
8143
8220
8258
8208
8258
8258
8240
8291
8264
8168
8134
8218
8242
8268
8291
8294
8228
8244
8248
8147
8130
8216
8266
8311
8231
8261
8247
8259
8185
8169
8241
8181
8258
8378
8345
8308
8216
8269
8210
8149
8122
8141
8259
8191
8237
8278
8201
8281
8275
8225
8193
8121
8120
8226
8270
8284
8238
8146
8258
8228
8260
8300
8227
8235
8297
8246
8200
8256
8169
8278
8321
8178
8229
8244
8300
8215
8183
8195
8094
8179
8159
8233
8235
8251
8257
8149
8238
8226
8279
8366
8320
8284
8262
8128
8053
8170
8241
8234
8155
8150
8159
8131
8129
8245
8298
8268
8173
8118
8124
8166
8151
8216
8193
8179
8184
8142
8106
8099
8151
8242
8197
8136
8200
8222
8158
8175
8176
8163
8082
8228
8223
8217
8251
8286
8269
8190
8220
8309
8353
8235
8122
8220
8268
8304
8290
8181
8280
8346
8251
8282
8140
8169
8261
8274
8191
8194
8227
8316
8398
8230
8220
8299
8299
8268
8208
8248
8392
8317
8272
8206
8184
8221
8289
8343
8339
8364
8340
8308
8313
8277
8301
8235
8284
8202
8172
8200
8181
8199
8220
8117
8190
8209
8350
8319
8290
8309
8283
8255
8347
8426
8373
8330
8350
8265
8301
8350
8331
8303
8322
8275
8280
8312
8329
8334
8328
8322
8297
8351
8285
8208
8237
8342
8342
8343
8253
8239
8301
8344
8200
8205
8165
8168
8178
8210
8316
8336
8313
8340
8385
8296
8284
8310
8296
8274
8425
8335
8311
8283
8296
8380
8305
8237
8238
8311
8301
8312
8283
8333
8286
8360
8351
8356
8424
8381
8309
8411
8361
8377
8346
8329
8297
8218
8183
8249
8273
8397
8471
8432
8360
8340
8339
8355
8371
8323
8328
8286
8271
8326
8265
8270
8353
8362
8270
8334
8521
8479
8387
8282
8332
8357
8215
8251
8344
8255
8161
8217
8208
8256
8339
8383
8357
8290
8311
8352
8368
8258
8259
8350
8418
8335
8301
8310
8324
8173
8276
8297
8373
8410
8393
8326
8356
8397
8430
8395
8442
8385
8291
8340
8356
8311
8314
8333
8326
8286
8311
8362
8256
8237
8323
8358
8404
8370
8395
8386
8275
8240
8265
8351
8366
8378
8279
8281
8346
8306
8350
8271
8287
8354
8324
8309
8366
8413
8386
8353
8286
8306
8340
8340
8303
8203
8245
8363
8265
8235
8392
8346
8309
8382
8355
8354
8426
8273
8259
8337
8337
8304
8300
8319
8375
8409
8282
8195
8262
8335
8364
8310
8331
8345
8379
8383
8435
8305
8344
8360
8300
8269
8259
8293
8372
8371
8255
8261
8282
8239
8183
8260
8253
8267
8314
8302
8400
8298
8248
8351
8307
8251
8199
8260
8251
8236
8267
8248
8247
8239
8312
8340
8331
8326
8278
8193
8197
8254
8245
8203
8169
8158
8164
8171
8112
8146
8304
8308
8249
8203
8214
8210
8214
8218
8271
8303
8113
8200
8302
8246
8260
8262
8163
8197
8217
8175
8180
8188
8280
8174
8142
8180
8142
8157
8227
8208
8148
8133
8174
8106
8063
8141
8220
8239
8150
8133
8201
8199
8229
8247
8186
8188
8204
8246
8320
8267
8226
8203
8194
8229
8248
8257
8200
8119
8066
8087
8167
8220
8310
8176
8252
8220
8219
8209
8209
8241
8308
8245
8179
8198
8238
8128
8192
8210
8244
8216
8216
8139
8151
8228
8296
8162
8228
8237
8233
8237
8268
8334
8310
8307
8277
8200
8135
8227
8230
8115
8192
8329
8278
8276
8219
8256
8184
8228
8305
8330
8280
8275
8183
8174
8184
8203
8254
8272
8288
8165
8287
8280
8201
8185
8202
8188
8172
8208
8226
8227
8309
8298
8297
8202
8247
8191
8283
8323
8295
8238
8185
8220
8283
8402
8352
8317
8247
8294
8269
8213
8282
8279
8263
8217
8213
8148
8084
8249
8334
8214
8192
8264
8262
8287
8173
8111
8185
8281
8228
8213
8168
8222
8221
8184
8234
8241
8197
8215
8230
8196
8218
8203
8261
8221
8230
8219
8157
8150
8150
8248
8302
8214
8156
8231
8154
8161
8165
8171
8190
8199
8186
8254
8274
8201
8198
8125
8081
8103
8150
8163
8169
8060
8132
8157
8061
7965
7989
8043
8020
8022
8034
7973
7951
7928
7985
8057
7904
7897
7921
7829
7881
7965
7887
7913
7886
7854
7853
7848
7866
7827
7761
7639
7771
7768
7676
7696
7760
7721
7600
7645
7737
7817
7738
7594
7618
7672
7633
7582
7673
7707
7686
7714
7611
7627
7667
7697
7642
7484
7474
7553
7693
7626
7590
7547
7521
7500
7536
7574
7549
7537
7557
7610
7620
7617
7566
7573
7592
7546
7534
7535
7520
7549
7522
7461
7526
7502
7492
7527
7551
7540
7457
7499
7488
7466
7434
7492
7530
7463
7454
7418
7474
7429
7623
7513
7302
7340
7380
7291
7342
7339
7392
7405
7411
7374
7323
7314
7320
7336
7374
7293
7347
7378
7336
7313
7408
7380
7353
7412
7408
7357
7322
7343
7352
7379
7338
7309
7223
7348
7408
7362
7348
7304
7301
7357
7326
7300
7317
7353
7363
7325
7309
7365
7325
7299
7271
7244
7175
7190
7150
7126
7136
7144
7139
7139
7117
7038
6990
7061
7128
7033
7041
7029
6953
7064
6997
6924
6918
6999
6966
6941
6952
6946
6834
6856
6927
6932
6917
6887
6899
6896
6910
6876
6935
6900
6931
7013
6995
6944
6927
6810
6746
6755
6775
6795
6765
6795
6791
6699
6738
6691
6766
6703
6645
6671
6710
6647
6673
6722
6642
6645
6641
6674
6651
6603
6708
6764
6715
6733
6639
6717
6781
6750
6684
6760
6743
6565
6584
6657
6707
6604
6604
6690
6757
6684
6758
6716
6682
6594
6689
6731
6726
6739
6749
6761
6728
6699
6679
6805
6855
6758
6754
6871
6795
6770
6756
6766
6857
6765
6781
6845
6818
6869
6988
6944
6824
6855
6796
6766
6796
6816
6863
6919
6935
6918
6914
6800
6863
6875
6875
6840
6797
6764
6793
6934
6871
6851
6904
6931
6972
6919
6887
6935
6947
6870
6825
6886
6919
6934
6928
6836
6858
6911
6893
6885
6876
6921
6945
6960
7039
7033
6976
6970
6948
7027
7024
6916
7000
7036
7097
7060
6974
7071
7070
7143
7177
7277
7306
7173
7106
7162
7175
7135
7191
7243
7293
7256
7303
7234
7253
7313
7320
7318
7372
7358
7340
7299
7328
7361
7353
7296
7309
7286
7270
7271
7280
7302
7300
7259
7350
7279
7285
7299
7279
7339
7343
7337
7409
7346
7261
7187
7177
7215
7224
7247
7244
7243
7154
7156
7177
7206
7114
7119
7131
7155
7135
7148
7152
7062
7063
7066
7089
7013
7037
7128
7093
7046
7058
7055
7128
7062
7083
7169
7181
7124
7104
7128
7134
7103
7132
7153
7222
7142
7177
7140
7294
7315
7229
7121
7138
7147
7231
7231
7276
7364
7327
7350
7417
7403
7337
7397
7434
7298
7231
7370
7394
7315
7366
7410
7482
7456
7424
7318
7427
7457
7375
7434
7433
7437
7417
7468
7421
7455
7566
7592
7607
7614
7563
7491
7486
7595
7575
7624
7714
7641
7655
7532
7590
7650
7636
7592
7622
7666
7645
7723
7769
7636
7585
7708
7767
7813
7807
7762
7671
7681
7692
7769
7837
7811
7737
7807
7718
7764
7822
7821
7866
7892
7841
7851
7887
7919
7921
7898
7875
7814
7946
7880
7825
7868
7904
7952
7977
8002
7999
7965
7879
7851
7949
7951
7894
8026
8025
7948
7953
7937
7884
7876
8007
8040
8016
8096
8130
8068
8006
8040
8004
8024
8033
8062
8090
8033
7996
8047
8088
8146
8220
8131
8048
8040
8080
8088
8070
7937
7989
8108
8130
8150
8188
8106
8069
8130
8222
8233
8121
8071
7976
8041
8037
8055
8143
8206
8260
8188
8176
8166
8176
8211
8224
8189
8277
8356
8292
8227
8236
8288
8283
8260
8254
8227
8345
8313
8233
8202
8274
8369
8381
8333
8348
8329
8381
8286
8286
8329
8283
8184
8320
8355
8215
8276
8307
8381
8311
8319
8487
8441
8347
8331
8450
8510
8514
8472
8468
8357
8227
8297
8244
8277
8305
8353
8372
8439
8343
8388
8430
8517
8553
8382
8446
8504
8395
8306
8370
8453
8494
8534
8411
8342
8347
8304
8176
8204
8327
8452
8470
8510
8384
8374
8539
8592
8454
8450
8452
8462
8453
8442
8412
8405
8414
8483
8438
8442
8498
8561
8532
8528
8515
8543
8473
8400
8539
8464
8442
8531
8459
8417
8505
8498
8536
8488
8479
8487
8385
8373
8519
8540
8533
8406
8435
8335
8339
8404
8425
8427
8409
8484
8467
8489
8403
8435
8455
8371
8445
8512
8448
8488
8490
8612
8646
8464
8355
8428
8528
8618
8606
8576
8503
8463
8500
8584
8604
8550
8684
8685
8658
8660
8648
8674
8628
8572
8641
8772
8676
8714
8748
8668
8767
8840
8721
8711
8717
8708
8671
8674
8811
8799
8746
8805
8776
8746
8675
8743
8796
8672
8710
8826
8760
8801
8864
8803
8776
8734
8717
8818
8799
8774
8794
8812
8781
8713
8841
8872
8850
8753
8871
8744
8689
8738
8797
8766
8853
8902
8862
8865
9005
8911
8811
8820
8857
8802
8847
8912
8865
8959
8876
8904
8858
8778
8920
8972
8921
8966
8871
8925
9008
8992
8956
8929
9031
9028
8926
8898
8951
9038
8942
8867
8921
9027
8916
8859
8964
8914
8951
9035
8998
8988
8961
8820
8854
8915
9003
8973
9013
9002
8997
8942
8908
8990
9002
9105
8978
8861
8837
8914
8987
9006
8905
8905
8995
8897
8924
9081
9013
8933
8894
8899
8998
9068
8913
8888
8830
8929
8942
8922
8879
8990
9025
8977
8875
8893
8932
8974
9107
8960
8890
8825
8828
8884
8887
8890
8885
8897
8879
8776
8853
8913
8813
8855
8904
8928
8790
8753
8714
8758
8887
8822
8732
8768
8825
8776
8758
8774
8750
8863
8871
8768
8694
8792
8787
8762
8661
8705
8643
8636
8680
8677
8664
8766
8778
8709
8696
8710
8660
8617
8648
8569
8532
8482
8532
8616
8577
8516
8469
8573
8541
8463
8368
8395
8433
8428
8375
8332
8299
8327
8328
8324
8353
8352
8331
8300
8256
8228
8242
8199
8223
8141
8134
8158
8264
8155
8086
8137
8270
8232
8157
8208
8327
8292
8182
8096
8212
8241
8255
8200
8186
8191
8191
8146
8198
8242
8148
8176
8242
8260
8226
8192
8169
8165
8161
8173
8143
8166
8221
8109
8106
8130
8167
8147
8158
8135
8045
8092
8021
8090
8015
8009
7974
7890
7921
7911
8102
8042
7926
8012
8082
7874
7805
7815
7896
7932
7798
7792
7868
7799
7784
7740
7739
7779
7797
7809
7785
7698
7776
7798
7737
7845
7816
7788
7771
7799
7780
7691
7613
7623
7693
7701
7730
7749
7770
7761
7814
7713
7775
7858
7788
7706
7650
7758
7730
7694
7712
7719
7769
7713
7698
7741
7782
7798
7766
7807
7749
7699
7756
7713
7695
7717
7733
7772
7836
7870
7791
7766
7838
7796
7613
7610
7623
7564
7629
7802
7841
7832
7685
7672
7713
7732
7785
7710
7682
7739
7626
7658
7738
7647
7554
7575
7579
7599
7586
7613
7591
7610
7625
7593
7567
7652
7737
7745
7715
7704
7630
7606
7579
7613
7567
7585
7651
7636
7504
7373
7449
7606
7620
7518
7473
7543
7545
7488
7506
7558
7547
7545
7458
7454
7468
7565
7574
7543
7556
7552
7582
7536
7452
7491
7576
7507
7482
7588
7529
7486
7524
7594
7482
7542
7627
7659
7643
7664
7735
7640
7525
7521
7562
7531
7608
7644
7630
7671
7624
7639
7710
7733
7748
7675
7702
7690
7699
7649
7664
7750
7750
7693
7699
7670
7746
7734
7787
7792
7733
7798
7815
7778
7798
7830
7805
7664
7695
7752
7889
7768
7741
7754
7828
7940
7946
7851
7844
7908
7925
7863
7816
7931
7867
7814
7767
7845
7968
7996
7917
7851
7917
7914
8022
8104
8035
7917
8003
7916
7876
7912
8047
7968
7964
8052
8066
8001
8006
7929
7955
8091
7979
7911
8020
8086
8058
8163
8065
8020
8046
8142
8123
8070
8082
8106
8130
8044
8029
7944
8043
8058
8023
8088
8186
8081
8078
8017
7964
8076
8203
8001
7902
7980
8052
8048
8070
8147
8119
8132
8054
8074
8055
8131
8029
8092
8102
8044
8082
8099
8000
7996
8109
8127
8093
8133
8146
8153
8067
8160
8065
8168
8210
8158
8084
8076
8085
8136
8146
8044
7996
8068
8070
8100
8117
8156
8050
8172
8101
8105
8105
7972
7902
8015
8085
8136
8110
8021
8091
8160
8210
8209
8144
8073
8134
8177
8202
8152
8101
8091
8024
8008
8170
8125
8139
8192
8164
8107
8114
8233
8225
8218
8124
8043
8142
8239
8117
8055
8064
8019
7969
8082
8218
8169
8107
8027
8109
8122
8122
8112
8122
8164
8201
8149
8091
7982
8057
8135
8173
8144
8078
8107
8095
8048
8067
8123
8135
8130
8117
8190
8153
8162
8131
8119
8092
8002
7930
8006
8041
8081
8011
8104
8199
8139
8097
8087
7956
8064
7988
8038
8148
8088
8157
8101
8043
8061
8066
8052
8114
8117
8095
8015
8037
8082
8034
8054
8059
8108
8034
7993
8028
8034
8055
8078
8048
7966
7999
8085
8056
8053
8091
8035
7868
8006
8062
7961
7945
7926
7941
8082
8114
8005
8033
8149
8150
8096
7967
7970
8019
7941
7919
7950
8010
8124
8130
7932
8031
8161
8112
8059
8068
7920
7914
7904
7956
7989
8037
7979
8006
7938
7918
7924
7923
7951
8037
8031
7912
7922
8023
8032
7926
7952
8029
7907
7918
7997
8123
8075
7942
7945
7931
7986
7980
7936
7949
8038
7954
7971
8000
7932
7975
8048
7985
8026
8090
7993
7907
7995
8007
7968
8005
8042
7972
7907
7928
8049
8137
8098
8059
8003
8117
8059
8071
8018
8089
8201
8187
8105
8105
8173
8055
7969
8055
8113
8158
8153
8193
8276
8277
8146
8138
8123
8155
8116
8139
8205
8194
8221
8209
8181
8262
8176
8172
8205
8197
8172
8260
8201
8222
8273
8333
8282
8240
8300
8258
8212
8218
8323
8220
8229
8229
8225
8186
8192
8253
8319
8345
8359
8336
8285
8258
8296
8301
8376
8341
8283
8283
8219
8289
8383
8323
8313
8395
8345
8299
8143
8222
8243
8247
8267
8252
8059
8110
8180
8182
8234
8107
8113
8178
8187
8200
8249
8254
8149
8078
8089
8064
8127
8085
8059
8098
8076
8072
8024
8050
7999
8107
8022
7950
8008
8021
8039
8048
8023
7976
7873
7991
7936
7915
8024
7940
7893
7968
8036
8036
8106
8095
8042
8036
8051
7998
8056
8070
7996
7946
7914
8023
7981
7864
7872
7958
7927
7837
7826
7743
7884
7851
7833
7877
7987
7909
7786
7766
7843
7834
7760
7829
7914
7857
7824
7771
7847
7793
7825
7812
7871
7867
7821
7879
7860
7820
7843
7855
7713
7636
7782
7864
7925
7770
7771
7777
7768
7736
7726
7649
7764
7816
7622
7711
7825
7774
7710
7672
7780
7777
7772
7671
7594
7657
7795
7746
7730
7766
7784
7756
7775
7794
7825
7903
7894
7717
7685
7766
7853
7920
7799
7776
7747
7747
7740
7807
7808
7749
7815
7821
7872
7854
7859
7777
7778
7775
7742
7774
7802
7906
7864
7868
7824
7809
7776
7722
7832
7729
7670
7767
7830
7842
7876
7901
7845
7886
7874
7900
7868
7861
7774
7912
7988
7963
7873
7864
7779
7736
7724
7796
7883
7885
7835
7814
7825
7877
7863
7849
7873
7795
7815
7848
7868
7850
7857
7855
7784
7767
7766
7887
7714
7789
7851
7858
7793
7808
7781
7718
7756
7848
7866
7830
7801
7844
7727
7764
7737
7790
7723
7684
7599
7597
7665
7726
7765
7648
7642
7730
7669
7685
7651
7586
7527
7587
7673
7612
7629
7665
7731
7672
7651
7664
7585
7690
7666
7645
7728
7713
7810
7862
7836
7845
7889
7776
7745
7850
7799
7752
7764
7911
7914
7854
7828
7941
7964
7894
7867
7906
8022
8015
7885
7889
7985
8035
8059
8018
8011
8039
8001
8000
7971
7966
7978
7986
7961
8014
8021
8000
7924
7932
8056
8074
8115
8157
8133
8140
8201
8132
8145
8154
8071
8061
7926
8030
8158
8180
8152
8148
8188
8143
8248
8273
8246
8245
8321
8266
8257
8318
8311
8346
8347
8310
8291
8244
8425
8320
8299
8396
8380
8376
8423
8433
8461
8373
8343
8365
8443
8398
8398
8389
8427
8478
8411
8418
8535
8615
8634
8511
8417
8511
8509
8494
8518
8501
8610
8686
8644
8600
8567
8451
8468
8538
8638
8685
8557
8476
8556
8650
8524
8456
8527
8523
8515
8566
8581
8540
8488
8557
8607
8601
8640
8675
8669
8633
8630
8588
8523
8551
8591
8659
8683
8745
8632
8577
8583
8615
8644
8614
8615
8639
8687
8666
8572
8551
8691
8734
8610
8635
8577
8614
8659
8625
8642
8453
8488
8523
8473
8463
8483
8548
8590
8558
8547
8545
8543
8593
8578
8641
8623
8588
8647
8567
8578
8440
8480
8483
8579
8577
8485
8541
8509
8463
8442
8504
8525
8547
8567
8528
8502
8497
8605
8602
8559
8582
8582
8517
8555
8603
8434
8442
8583
8543
8612
8542
8590
8521
8401
8335
8447
8427
8470
8543
8551
8503
8526
8488
8492
8433
8458
8468
8502
8496
8506
8513
8380
8435
8498
8531
8386
8443
8518
8469
8512
8578
8543
8476
8525
8538
8547
8536
8440
8501
8461
8375
8366
8405
8457
8390
8426
8485
8427
8443
8561
8404
8449
8488
8416
8501
8522
8407
8392
8500
8473
8455
8505
8581
8427
8397
8442
8350
8362
8521
8422
8430
8542
8555
8443
8429
8456
8290
8320
8472
8435
8397
8302
8383
8291
8285
8252
8337
8273
8175
8123
8210
8314
8287
8322
8234
8158
8274
8189
8134
8117
8216
8180
8123
8100
8102
8054
8154
8193
8078
8045
8111
8171
8189
8133
8002
8006
8062
8089
8086
8154
8154
8120
8039
8048
8062
8010
8029
8062
7971
8052
8089
8091
8011
7999
8103
8065
7988
7989
8057
7963
7903
7910
7947
7899
7825
7867
7816
7765
7837
7821
7792
7802
7722
7760
7774
7668
7709
7829
7815
7760
7625
7613
7676
7633
7663
7664
7754
7660
7552
7643
7692
7683
7647
7615
7625
7578
7551
7575
7579
7551
7534
7538
7489
7482
7535
7566
7597
7551
7557
7564
7481
7476
7471
7510
7524
7598
7559
7578
7421
7424
7468
7465
7486
7513
7551
7531
7599
7584
7562
7613
7684
7688
7637
7632
7619
7576
7693
7644
7605
7601
7657
7653
7753
7725
7642
7674
7736
7733
7760
7760
7820
7782
7717
7739
7782
7754
7798
7871
7828
7828
7766
7705
7734
7812
7801
7776
7878
8005
7885
7818
7850
7963
7821
7787
7909
7987
7936
7955
7823
7833
7930
7943
7892
7847
7840
8010
7961
7848
7857
7934
7983
7946
7902
8005
8016
8027
7971
7962
8032
8058
8079
8028
7950
7916
7971
8012
8000
8063
8100
8171
8143
8123
8047
8092
8132
8072
8123
8080
8080
8200
8241
8136
8086
8095
8077
8290
8270
8137
8113
8170
8187
8223
8088
8093
8160
8177
8097
8158
8192
8211
8193
8168
 
8168
8068
8141
8226
8255
8262
8282
8200
8131
8137
8242
8241
8238
8171
8158
8222
8259
8267
8151
8110
8127
8203
8290
8371
8367
8270
8236
8297
8398
8339
8300
8250
8337
8388
8299
8159
8341
8322
8344
8365
8387
8302
8239
8260
8293
8376
8317
8353
8372
8346
8333
8336
8355
8383
8438
8356
8358
8443
8516
8535
8478
8382
8428
8453
8422
8397
8375
8422
8504
8511
8532
8443
8459
8474
8425
8491
8513
8486
8500
8502
8401
8456
8383
8329
8506
8488
8414
8396
8481
8551
8429
8398
8469
8559
8592
8500
8506
8440
8531
8552
8550
8456
8376
8479
8464
8381
8379
8479
8509
8538
8552
8518
8467
8512
8437
8483
8536
8499
8460
8496
8542
8500
8570
8622
8515
8595
8679
8601
8447
8570
8597
8577
8623
8598
8561
8607
8644
8641
8575
8442
8447
8482
8517
8533
8529
8525
8518
8585
8665
8545
8502
8559
8558
8624
8690
8588
8533
8590
8551
8416
8530
8488
8410
8437
8445
8555
8593
8611
8605
8535
8540
8550
8500
8463
8432
8486
8565
8534
8534
8534
8553
8641
8635
8600
8551
8516
8515
8458
8450
8406
8447
8460
8509
8437
8438
8488
8499
8554
8470
8577
8649
8538
8493
8487
8457
8561
8506
8526
8519
8444
8423
8478
8431
8421
8527
8474
8367
8426
8437
8496
8534
8500
8491
8498
8437
8388
8348
8416
8402
8387
8414
 
8414
8418
8456
8505
8493
8351
8388
8393
8411
8399
8448
8350
8276
8394
8332
8410
8397
8292
8238
8134
8284
8344
8339
8365
8401
8381
8338
8379
8342
8359
8245
8242
8324
8274
8239
8297
8304
8319
8418
8424
8304
8240
8250
8297
8266
8378
8375
8253
8351
8231
8135
8322
8360
8278
8427
8309
8284
8207
8137
8098
8132
8312
8314
8261
8278
8217
8178
8229
8180
8271
8183
8180
8148
8118
8158
8113
8098
8220
8275
8193
8193
8213
8240
8121
8220
8273
8251
8139
8092
8226
8252
8150
8135
8115
8152
8225
8091
8019
8069
8102
8096
8196
8228
8003
8015
8007
8090
8214
8193
8081
8146
8086
8153
8081
8078
8112
8243
8278
8200
8247
7996
8007
8141
8152
8239
8191
8229
8231
8199
8157
8069
7933
7988
8086
8083
8069
8027
7956
7976
8034
8036
8028
7975
7983
8084
8076
8010
7930
7964
8071
8017
7990
7964
8059
8138
8146
8137
8083
8078
8036
8059
8053
8137
8130
8050
8108
8111
8033
8021
8099
8105
8075
8064
7993
8080
8151
8148
7995
8170
8097
8039
8034
8041
8040
8001
8023
7967
7963
7969
8027
8004
8001
8034
8004
8034
7990
8050
8085
8062
8148
8086
8028
8042
8014
8046
7961
7982
8037
8062
8099
8025
8072
8063
8095
8070
7952
8046
8085
7957
8008
8113
8128
8097
8179
8170
8207
8218
8094
8092
8139
8122
8151
8161
8031
8128
8236
8124
8026
7973
8044
8241
8243
8220
8175
8177
8241
8213
8156
8189
8211
8223
8125
8185
8284
8259
8262
8242
8197
8241
8273
8272
8210
8277
8231
8209
8321
8243
8240
8290
8218
8222
8253
8225
8237
8196
8228
8229
8200
8261
8204
8181
8177
8221
8304
8234
8078
8132
8129
8141
8215
8259
8217
8267
8236
8249
8309
8184
8142
8192
8191
8130
8259
8225
8158
8253
8222
8215
8349
8370
8323
8264
8238
8252
8336
8301
8228
8286
8307
8271
8339
8232
8347
8316
8275
8240
8194
8331
8256
8268
8258
8360
8339
8330
8235
8235
8294
8249
8205
8301
8308
8289
8329
8282
8282
8176
8387
8424
8321
8390
8296
8211
8298
8264
8339
8358
8262
8357
8364
8342
8339
8330
8391
8350
8275
8288
8311
8295
8303
8352
8428
8363
8376
8417
8283
8272
8361
8433
8364
8309
8370
8288
8349
8409
8439
8380
8390
8347
8397
8348
8393
8406
8493
8620
8559
8439
8418
8457
8587
8559
8424
8429
8525
8448
8414
8516
8546
8570
8504
8418
8467
8420
8424
8406
8406
8468
8541
8490
8464
8475
8483
8435
8519
8530
8505
8514
8391
8363
8586
8704
8602
8489
8502
8518
8485
8499
8524
8542
8517
8596
8554
8526
8586
8592
8549
8488
8519
8502
8561
8626
8580
8528
8523
8487
8536
8582
8555
8529
8688
8631
8609
8673
8627
8572
8565
8619
8637
8727
8713
8646
8609
8642
8661
8712
8723
8707
8595
8543
8652
8785
8810
8633
8579
8709
8755
8595
8657
8790
8684
8728
8691
8658
8795
8865
8859
8715
8685
8688
8574
8647
8810
8835
8868
8823
8651
8646
8690
8762
8783
8746
8690
8658
8729
8819
8726
8693
8719
8739
8798
8730
8675
8746
8745
8678
8670
8745
8717
8668
8663
8594
8634
8694
8709
8768
8726
8746
8700
8697
8677
8579
8559
8639
8775
8729
8671
8612
8558
8529
8554
8598
8547
8536
8563
8553
8567
8541
8549
8578
8650
8634
8542
8442
8444
8513
8600
8521
8539
8612
8458
8467
8405
8368
8381
8391
8473
8452
8497
8484
8430
8482
8450
8352
8289
8370
8434
8385
8396
8366
8352
8413
8432
8412
8420
8300
8204
8244
8286
8294
8332
8296
8267
8279
8336
8407
8397
8310
8216
8226
8230
8221
8237
8293
8169
8189
8324
8304
8289
8390
8239
8253
8270
8182
8235
8176
8241
8302
8227
8153
8194
8220
8253
8295
8278
8315
8218
8109
8183
8135
8285
8320
8299
8247
8203
8215
8200
8172
8206
8181
8176
8062
7958
8067
8094
8092
8119
8036
8155
8134
8080
8126
8057
8113
8073
8086
8095
8118
8088
8068
8086
8104
8106
8064
8027
8062
8067
8129
8038
8013
8114
8092
8070
8136
8087
8007
8047
8085
8134
8145
8016
8081
8148
8135
8070
8032
8145
8160
8129
8070
8095
8054
8040
8061
8174
8098
8068
8078
8082
8104
8133
8127
8098
8187
8031
7929
7923
8045
8070
8175
8129
8023
8092
8150
8094
8117
8112
8009
8021
7954
7966
8070
8056
8069
8005
7995
8019
8033
8007
7998
8018
8026
8143
8079
8052
8160
8099
8011
8094
 
8094
8110
8062
8085
8137
8199
8052
7989
8016
8025
7969
8028
7972
8019
8020
8037
8035
8007
8076
8132
8134
8125
8203
8104
7953
8059
8087
8104
8102
8101
8034
8059
8023
7971
7950
7920
7982
8020
7975
8040
8038
7895
7941
8023
8013
7993
7957
8102
8137
8053
8008
7979
7903
8005
7973
7954
8009
8017
7945
7990
8021
8037
7970
8013
8015
7969
7943
7991
8024
7951
7953
7885
8124
8213
8110
7949
7975
7967
7886
7891
7964
7999
7948
7955
7967
7903
8056
7991
7935
8096
8097
8107
8024
7958
8028
7986
7986
8119
8112
8027
7965
8000
8006
8013
7960
7949
8013
8004
7967
7988
7979
8011
8022
7983
7964
7984
8019
7964
8028
8043
7952
8051
8023
7971
7942
7974
7921
7926
7942
7988
8099
8083
8015
8001
8007
7983
7917
7820
7907
8021
7844
7747
7901
7949
8029
8032
8004
7951
7906
7806
7833
7952
7986
7961
7970
7940
7807
7759
7770
7749
7892
7891
7901
7911
7841
7882
7960
7967
7979
7980
8006
7959
7849
7877
7900
7855
7862
7845
7884
7954
7830
7825
7890
7904
7845
7889
7809
7799
7853
7955
7948
7819
7788
7804
7705
7767
7836
7895
7904
7858
7813
7789
7879
8004
7926
7823
7940
7976
7815
7749
7845
7838
7717
7759
7796
7754
7829
7832
7855
7904
7809
7786
7806
7834
7772
7831
7874
7924
7883
7933
7871
7826
7834
7801
7765
7865
7821
7733
7802
7903
7935
7915
7887
7929
7902
7753
7843
7894
7867
7908
7882
7813
7759
7803
7876
7925
7925
7917
7877
7853
7781
7842
7890
7968
7835
7898
8029
7855
7767
7816
7856
7812
7953
7925
7817
7808
7867
7912
7887
7856
7888
7836
7923
7872
7905
7939
7876
7978
8005
7974
7972
7943
7895
7870
7871
7835
7898
7933
7900
7839
7783
7832
7931
7839
7829
7981
8048
7882
7861
7901
7945
7950
7907
7853
7864
7909
7867
7837
7853
7857
7931
7803
7886
7993
7868
7849
7803
7806
7815
7809
7844
7883
7897
7848
7879
7972
7979
7968
7904
7864
7906
7880
8066
8061
7889
7860
7837
7855
8044
8000
7903
7917
7938
7934
8022
8056
7943
7866
7805
7931
8070
8027
8022
7992
8011
7998
7830
7865
8014
7998
7923
7886
7839
7863
8052
7995
7939
7907
7965
8012
8027
8048
8126
8064
8054
7988
7970
7919
7905
7971
8011
8050
7955
8024
8067
8030
7968
7882
7936
7999
8022
8115
8119
8094
7981
7899
7953
8152
8071
8013
8009
8030
7969
8034
8111
8102
8016
7961
7993
8026
8055
8058
8026
8037
8060
8127
8149
8045
8003
8126
8219
8100
7990
8088
8132
8077
8106
8090
8099
8147
8070
8138
8216
8160
8200
8094
8137
8113
8077
8187
8181
8084
7945
8034
8222
8144
8114
8173
8219
8106
8150
8105
8138
8101
8037
8079
8180
8274
8209
8195
8152
8017
8096
8159
8133
8131
8211
8209
8143
8188
8188
8156
8198
8132
8126
8140
8234
8064
8074
8078
8091
8260
8306
8264
8203
8234
8204
8140
8209
8182
8202
8178
8279
8274
8139
8171
8239
8193
8252
8221
8134
8180
8215
8203
8210
8121
8124
8216
8225
8095
8221
8172
8102
8129
8234
8301
8212
8221
8134
8101
8158
8127
8146
8184
8173
8032
8081
8191
8074
8080
8086
8099
8141
8109
8086
8175
8200
8072
8107
8181
8228
8129
8138
8092
8119
8049
8092
8229
8222
8268
8230
8258
8234
8217
8208
8246
8183
8251
8244
8239
8243
8234
8218
8234
8121
8084
8188
8204
8205
8312
8304
8284
8306
8211
8252
8331
8349
8281
8254
8187
8147
8181
8226
8222
8203
8238
8339
8275
8246
8295
8236
8315
8315
8200
8293
8257
8324
8371
8436
8366
8408
8396
8329
8227
8342
8298
8273
8283
8362
8431
8349
8263
 
8263
8326
8144
8193
8310
8324
8303
8198
8193
8329
8353
8319
8231
8240
8271
8314
8351
8352
8348
8276
8270
8272
8248
8201
8183
8118
8136
8277
8212
8205
8227
8234
8202
8166
8209
8278
8309
8405
8432
8327
8279
8303
8363
8346
8397
8375
8309
8247
8346
8369
8313
8292
8304
8232
8373
8384
8334
8306
8338
8222
8131
8334
8316
8315
8334
8280
8396
8424
8402
8354
8319
8376
8375
8369
8391
8263
8274
8293
8305
8406
8329
8360
8384
8377
8397
8369
8337
8307
8331
8349
8330
8350
8258
8278
8295
8248
8306
8335
8349
8408
8363
8419
8437
8345
8215
8302
8356
8405
8489
8525
8475
8441
8342
8305
8314
8309
8312
8322
8241
8359
8406
8480
8389
8387
8377
8283
8289
8249
8294
8411
8501
8443
8431
8447
8458
8427
8337
8390
8359
8326
8395
8451
8474
8344
8348
8368
8376
8361
8335
8420
8416
8406
8308
8218
8345
8452
8538
8436
8321
8413
8183
8356
8471
8283
8367
8493
8347
8341
8449
8462
8344
8372
8376
8443
8420
8323
8360
8365
8382
8340
8322
8357
8491
8494
8553
8548
8415
8459
8542
8560
8577
8556
8465
8509
8561
8624
8547
8472
8515
8576
8604
8605
8608
8512
8541
8637
8660
8702
8656
8683
8616
8691
8667
8635
8800
8802
8655
8680
8847
8869
8861
8884
8862
8858
8942
8852
8829
8926
8931
8847
8917
8902
8916
8949
8936
8897
8879
9014
9117
8953
8862
9000
9015
9039
9026
9037
9052
9021
9019
8886
9107
9155
9081
9091
9156
9139
9115
9128
9102
9087
9122
9089
9035
9059
9099
9075
9126
9101
9049
9089
9171
9168
9123
9095
9047
9123
9006
9070
9039
8975
8928
9015
8938
8935
9007
8941
9019
8990
8904
8867
8885
8883
8879
8911
8942
8943
8974
8901
8833
8853
8895
8840
8896
8849
8820
8886
8922
9010
9022
8875
8869
8951
8950
8834
8801
8773
8861
8968
8834
8783
8845
8907
8898
8845
8783
8867
8893
8927
8898
8876
8875
8876
8828
8918
8976
8845
8773
8792
8909
8808
8823
8838
8897
8912
8872
8947
8970
9028
8923
8912
8931
8960
8926
8950
9018
9000
8971
9044
9113
9032
9040
9051
9064
9103
9018
8888
8899
8877
8788
8866
9017
9086
9098
9082
9080
9123
9086
9036
8994
9017
9009
8968
8971
8999
8952
8937
8973
9008
8976
8996
9071
9020
9028
9131
9171
9122
9069
9137
9190
9185
9153
9202
9098
9164
9208
9139
9143
9203
9206
9273
9220
9202
9282
9213
9109
9154
9283
9211
9205
9216
9233
9190
9127
9152
9185
9253
9202
9234
9363
9285
9259
9154
9164
9263
9202
9127
9127
9122
9217
9200
9268
9227
9046
9022
9099
9157
9151
9116
9133
9199
9094
9011
9061
9035
9029
9070
9118
9018
9025
8990
9009
9005
 
9005
9065
9013
8933
9024
9106
9013
8980
8959
8887
8982
9005
9005
9031
9019
8965
9003
9044
9011
8967
8954
8948
8981
9022
8877
8847
8852
8825
8885
8871
8850
8975
8931
8894
8853
8864
8935
8881
8898
8850
8859
8788
8744
8763
8872
8865
8836
8877
8731
8806
8790
8702
8794
8785
8857
8875
8849
8728
8743
8816
8772
8709
8684
8832
8889
8816
8784
8855
8744
8781
8817
8745
8639
8785
8798
8642
8667
8727
8727
8785
8804
8760
8802
8757
8708
8684
8777
8709
8709
8821
8763
8716
8762
8711
8858
8936
8738
8760
8824
8684
8609
8667
8704
8693
8665
8759
8780
8665
8697
8719
8787
8746
8615
8637
8715
8671
8619
8660
8633
8683
8773
8693
8589
8670
8794
8751
8748
8688
8633
8649
8724
8735
8747
8725
8642
8639
8695
8723
8746
8672
8716
8810
8759
8614
8726
8730
8765
8708
8682
8581
8515
8574
8757
8667
8680
8716
8578
8585
8637
8588
 
8588
8663
8707
8726
8743
8634
8645
8625
8614
8640
8592
8573
8576
8619
8604
8716
8654
8567
8816
8767
8762
8680
8670
8684
8756
8739
8667
8729
8773
8787
8811
8807
8734
8875
8836
8870
8912
8865
8775
8749
8857
8927
8895
8890
8935
8953
8987
9023
8937
8927
8866
8828
8946
8939
8937
8903
8923
8925
9043
9003
8921
8934
8987
9028
9036
9024
9082
8990
8897
8982
9128
9207
9156
9141
9037
9166
9201
9132
9221
9172
9165
9102
9236
9259
9155
9210
9292
9275
9225
9222
9263
9236
9272
9208
9263
9284
9281
9366
9408
9389
9331
9331
9289
9334
9312
9261
9275
9380
9388
9316
9335
9427
9367
9352
9381
9341
9248
9297
9341
9242
9335
9357
9246
9226
9313
9322
9267
9408
9451
9463
9384
9330
9410
9498
9384
9318
9287
9395
9325
9282
9391
9371
9304
9332
9373
9278
9450
9579
9575
9472
9426
9332
9424
9468
9440
9501
9391
9349
9433
9504
9482
9335
9388
9416
9506
9415
9446
9539
9533
9623
9502
9433
9454
9400
9436
9527
9472
9492
9386
9482
9480
9509
9542
9622
9595
9557
9527
9479
9483
9563
9605
9526
9567
9567
9500
9462
9466
9483
9562
9552
9555
9558
9606
9509
9447
9490
9549
9537
9530
9485
9360
9480
9496
9549
9476
9403
9476
9577
9552
9487
9347
9350
9419
9431
9376
9305
9315
9340
9398
9493
9500
9441
9614
9596
9500
9440
9526
9450
9418
9512
9470
9441
9400
9445
9381
9491
9479
9402
9417
9448
9383
9284
9335
9348
9423
9456
9498
9484
9398
9374
9319
9405
9387
9366
9522
9494
9432
9348
9304
9297
9400
9296
9251
9248
9212
9271
9250
9254
9221
9314
9374
9303
9199
9225
9321
9176
9203
9360
9373
9236
9240
9390
9348
9286
9261
9289
9286
9168
9145
9262
9251
9140
9046
9188
9218
9246
9166
9128
9200
9194
9113
9019
8998
9139
9141
9145
9112
9109
9009
9037
9080
9022
9129
9106
9092
9078
9040
8989
8950
8935
9025
9022
9017
8992
8830
8843
8858
8860
8905
8932
8821
8821
8913
8899
8860
8865
8926
8941
8839
8806
8784
8782
8752
8805
8788
8663
8881
8875
8701
8639
8690
8737
8727
8657
8632
8669
8731
8651
8687
8799
8780
8683
8616
8676
8610
8536
8564
8575
8589
8637
8538
8484
8519
8453
8528
8621
8554
8536
8535
8470
8426
8437
8472
8453
8473
8523
8405
8400
8404
8525
8472
8532
8529
8612
8660
8604
8582
8542
8477
8474
8563
8682
8594
8473
8527
8629
8637
8651
8633
8515
8478
