SamsungA12,Weight: 194g
7415,194g
7552,194g
7421,194g
7482,194g
7421,194g
7490,194g
7527,194g
7499,194g
7398,194g
7464,194g
7449,194g
7433,194g
7413,194g
7478,194g
7502,194g
7415,194g
7239,194g
7246,194g
7383,194g
7447,194g
7443,194g
7385,194g
7377,194g
7298,194g
7188,194g
7277,194g
7241,194g
7348,194g
7346,194g
7331,194g
7344,194g
7317,194g
7224,194g
7406,194g
7341,194g
7250,194g
7347,194g
7412,194g
7296,194g
7374,194g
7291,194g
7224,194g
7239,194g
7178,194g
7293,194g
7352,194g
7319,194g
7205,194g
7271,194g
7308,194g
7296,194g
7265,194g
7271,194g
7362,194g
7291,194g
7242,194g
7295,194g
7290,194g
7310,194g
7329,194g
7277,194g
7309,194g
7287,194g
7321,194g
7249,194g
7197,194g
7211,194g
7296,194g
7256,194g
7230,194g
7298,194g
7258,194g
7286,194g
7278,194g
7429,194g
7347,194g
7265,194g
7296,194g
7277,194g
7197,194g
7220,194g
7253,194g
7290,194g
7176,194g
7133,194g
7200,194g
7292,194g
7244,194g
7193,194g
7234,194g
7241,194g
7323,194g
7300,194g
7366,194g
7222,194g
7190,194g
7278,194g
7278,194g
7285,194g
7253,194g
7279,194g
7260,194g
7250,194g
7121,194g
7203,194g
7225,194g
7260,194g
7210,194g
7247,194g
7266,194g
7192,194g
7215,194g
7241,194g
7193,194g
7179,194g
7166,194g
7218,194g
7260,194g
7235,194g
7204,194g
7228,194g
7234,194g
7219,194g
7300,194g
7280,194g
7236,194g
7212,194g
7189,194g
7241,194g
7236,194g
7244,194g
7251,194g
7184,194g
7253,194g
7312,194g
7287,194g
7321,194g
7258,194g
7202,194g
7134,194g
7208,194g
7306,194g
7248,194g
7311,194g
7326,194g
7402,194g
7374,194g
7285,194g
7208,194g
7175,194g
7185,194g
7191,194g
7167,194g
7109,194g
7081,194g
7122,194g
7224,194g
7281,194g
7239,194g
7278,194g
7231,194g
7252,194g
7289,194g
7276,194g
7249,194g
7298,194g
7376,194g
7380,194g
7329,194g
7199,194g
7198,194g
7236,194g
7184,194g
7150,194g
7207,194g
7295,194g
7274,194g
7236,194g
7229,194g
7207,194g
7245,194g
7290,194g
7206,194g
7224,194g
7252,194g
7230,194g
7270,194g
7283,194g
7306,194g
7198,194g
7234,194g
7284,194g
7278,194g
7317,194g
7291,194g
7322,194g
7396,194g
7329,194g
7417,194g
7408,194g
7340,194g
7307,194g
7321,194g
7379,194g
7330,194g
7428,194g
7383,194g
7301,194g
7235,194g
7261,194g
7403,194g
7448,194g
7402,194g
7398,194g
7444,194g
7373,194g
7410,194g
7378,194g
7395,194g
7497,194g
7434,194g
7417,194g
7349,194g
7339,194g
7390,194g
7423,194g
7371,194g
7374,194g
7445,194g
7474,194g
7476,194g
7464,194g
7351,194g
7396,194g
7415,194g
7363,194g
7380,194g
7328,194g
7338,194g
7345,194g
7467,194g
7391,194g
7399,194g
7497,194g
7485,194g
7505,194g
7432,194g
7360,194g
7415,194g
7358,194g
7392,194g
7330,194g
7360,194g
7379,194g
7406,194g
7449,194g
7479,194g
7450,194g
7493,194g
7470,194g
7354,194g
7323,194g
7329,194g
7360,194g
7478,194g
7392,194g
7395,194g
7314,194g
7500,194g
7541,194g
7542,194g
7539,194g
7420,194g
7464,194g
7495,194g
7410,194g
7406,194g
7489,194g
7478,194g
7500,194g
7470,194g
7487,194g
7484,194g
7446,194g
7379,194g
7520,194g
7554,194g
7554,194g
7476,194g
7498,194g
7554,194g
7527,194g
7416,194g
7460,194g
7396,194g
7431,194g
7482,194g
7480,194g
7516,194g
7539,194g
7449,194g
7457,194g
7471,194g
7445,194g
7417,194g
7331,194g
7280,194g
7459,194g
7542,194g
7474,194g
7439,194g
7479,194g
7470,194g
7446,194g
7354,194g
7378,194g
7422,194g
7455,194g
7392,194g
7452,194g
7454,194g
7422,194g
7493,194g
7500,194g
7452,194g
7439,194g
7396,194g
7401,194g
7409,194g
7412,194g
7370,194g
7302,194g
7345,194g
7370,194g
7323,194g
7365,194g
7365,194g
7413,194g
7408,194g
7560,194g
7445,194g
7445,194g
7462,194g
7500,194g
7499,194g
7462,194g
7428,194g
7426,194g
7421,194g
7470,194g
7505,194g
7487,194g
7459,194g
7552,194g
7596,194g
7461,194g
7404,194g
7424,194g
7397,194g
7397,194g
7387,194g
7522,194g
7532,194g
7384,194g
7424,194g
7503,194g
7514,194g
7491,194g
7466,194g
7405,194g
7445,194g
7462,194g
7441,194g
7411,194g
7394,194g
7402,194g
7517,194g
7444,194g
7394,194g
7365,194g
7418,194g
7448,194g
7365,194g
7331,194g
7403,194g
7478,194g
7444,194g
7334,194g
7389,194g
7483,194g
7502,194g
7469,194g
7538,194g
7567,194g
7476,194g
7389,194g
7288,194g
7388,194g
7530,194g
7572,194g
7447,194g
7427,194g
7452,194g
7482,194g
7421,194g
7500,194g
7532,194g
7422,194g
7401,194g
7475,194g
7420,194g
7419,194g
7345,194g
7520,194g
7490,194g
7441,194g
7419,194g
7306,194g
7438,194g
7511,194g
7511,194g
7534,194g
7443,194g
7401,194g
7472,194g
7543,194g
7475,194g
7431,194g
7418,194g
7416,194g
7348,194g
7392,194g
7431,194g
7419,194g
7422,194g
7458,194g
7408,194g
7481,194g
7529,194g
7401,194g
7363,194g
7365,194g
7373,194g
7397,194g
7527,194g
7332,194g
7296,194g
7383,194g
7461,194g
7530,194g
7510,194g
7388,194g
7355,194g
7303,194g
7315,194g
7373,194g
7445,194g
7484,194g
7363,194g
7386,194g
7498,194g
7340,194g
7319,194g
7367,194g
7387,194g
7320,194g
7273,194g
7313,194g
7280,194g
7306,194g
7281,194g
7296,194g
7300,194g
7360,194g
7398,194g
7440,194g
7443,194g
7331,194g
7341,194g
7362,194g
7428,194g
7352,194g
7324,194g
7412,194g
7252,194g
7187,194g
7309,194g
7363,194g
7252,194g
7237,194g
7292,194g
7246,194g
7264,194g
7267,194g
7318,194g
7240,194g
7204,194g
7314,194g
7287,194g
7271,194g
7214,194g
7231,194g
7266,194g
7320,194g
7395,194g
7355,194g
7434,194g
7348,194g
7364,194g
7434,194g
7380,194g
7395,194g
7326,194g
7279,194g
7163,194g
7150,194g
7373,194g
7302,194g
7322,194g
7328,194g
7353,194g
7332,194g
7335,194g
7244,194g
7313,194g
7382,194g
7322,194g
7316,194g
7301,194g
7352,194g
7406,194g
7251,194g
7286,194g
7330,194g
7269,194g
7205,194g
7243,194g
7168,194g
7270,194g
7310,194g
7288,194g
7389,194g
7323,194g
7271,194g
7284,194g
7369,194g
7313,194g
7248,194g
7356,194g
7186,194g
7258,194g
7321,194g
7338,194g
7278,194g
7243,194g
7225,194g
7236,194g
7282,194g
7409,194g
7374,194g
7369,194g
7303,194g
7373,194g
7311,194g
7293,194g
7342,194g
7220,194g
7242,194g
7328,194g
7223,194g
7210,194g
7167,194g
7235,194g
7270,194g
7280,194g
7294,194g
7359,194g
7309,194g
7317,194g
7313,194g
7386,194g
7356,194g
7289,194g
7328,194g
7306,194g
7248,194g
7243,194g
7326,194g
7318,194g
7356,194g
7245,194g
7345,194g
7344,194g
7276,194g
7336,194g
7370,194g
7480,194g
7450,194g
7360,194g
7275,194g
7235,194g
7303,194g
7368,194g
7192,194g
7189,194g
7279,194g
7200,194g
7243,194g
7314,194g
7373,194g
7249,194g
7233,194g
7235,194g
7224,194g
7241,194g
7313,194g
7169,194g
7137,194g
7112,194g
7111,194g
7222,194g
7368,194g
7303,194g
7267,194g
7139,194g
7098,194g
7100,194g
7222,194g
7345,194g
7289,194g
7265,194g
7273,194g
7301,194g
7243,194g
7200,194g
7202,194g
7225,194g
7199,194g
7252,194g
7138,194g
7242,194g
7197,194g
7160,194g
7224,194g
7229,194g
7188,194g
7132,194g
7122,194g
7200,194g
7210,194g
7104,194g
7149,194g
7219,194g
7231,194g
7173,194g
7114,194g
7111,194g
7157,194g
7222,194g
7234,194g
7247,194g
7224,194g
7089,194g
7165,194g
7146,194g
7123,194g
7117,194g
7099,194g
7106,194g
7282,194g
7287,194g
7211,194g
7198,194g
7196,194g
7124,194g
7088,194g
7089,194g
7031,194g
7086,194g
7206,194g
7119,194g
7175,194g
7222,194g
7136,194g
7113,194g
7140,194g
7087,194g
7100,194g
7110,194g
7060,194g
7080,194g
7078,194g
7131,194g
7168,194g
7106,194g
7082,194g
7123,194g
7034,194g
7033,194g
7078,194g
7125,194g
7117,194g
7126,194g
7080,194g
7089,194g
6976,194g
7103,194g
7118,194g
6992,194g
7018,194g
7116,194g
7164,194g
7102,194g
7043,194g
7037,194g
7093,194g
7114,194g
7080,194g
7113,194g
7090,194g
7061,194g
7065,194g
7104,194g
7104,194g
7072,194g
7061,194g
7102,194g
7052,194g
7042,194g
7125,194g
7156,194g
7138,194g
7055,194g
7006,194g
7089,194g
7056,194g
7039,194g
7254,194g
7216,194g
7118,194g
7029,194g
6965,194g
7000,194g
7065,194g
7036,194g
7110,194g
7075,194g
7126,194g
7094,194g
7166,194g
7144,194g
6879,194g
6651,194g
6652,194g
6649,194g
6660,194g
6701,194g
6661,194g
6617,194g
6708,194g
6723,194g
6635,194g
6644,194g
6719,194g
6765,194g
6681,194g
6622,194g
6640,194g
6652,194g
6674,194g
6699,194g
6799,194g
6808,194g
6718,194g
6717,194g
6657,194g
6777,194g
6758,194g
6709,194g
6783,194g
6769,194g
6697,194g
6709,194g
6695,194g
6747,194g
6740,194g
6787,194g
6731,194g
6711,194g
6606,194g
6677,194g
6728,194g
6713,194g
6748,194g
6692,194g
6698,194g
8692,194g
6873,194g
6868,194g
6748,194g
6779,194g
7444,194g
7695,194g
7714,194g
7743,194g
7674,194g
7818,194g
7799,194g
7797,194g
7804,194g
7802,194g
7768,194g
7591,194g
7620,194g
7728,194g
7688,194g
7752,194g
7748,194g
7835,194g
7737,194g
7750,194g
7770,194g
7753,194g
7678,194g
7726,194g
7727,194g
7725,194g
7735,194g
7668,194g
7723,194g
7704,194g
7689,194g
7595,194g
7693,194g
7676,194g
7757,194g
7752,194g
7632,194g
7656,194g
7713,194g
7796,194g
7637,194g
7667,194g
7676,194g
7683,194g
7565,194g
7616,194g
7733,194g
7702,194g
7716,194g
7756,194g
7640,194g
7497,194g
7516,194g
7578,194g
7632,194g
7676,194g
7650,194g
7642,194g
7623,194g
7498,194g
7583,194g
7574,194g
7593,194g
7558,194g
7575,194g
7629,194g
7705,194g
7696,194g
7640,194g
7682,194g
7628,194g
7641,194g
7620,194g
7585,194g
7642,194g
7685,194g
7644,194g
7668,194g
7693,194g
7630,194g
7589,194g
7644,194g
7702,194g
7715,194g
7681,194g
7707,194g
7690,194g
7637,194g
7664,194g
7671,194g
7689,194g
7662,194g
7632,194g
7557,194g
7769,194g
7735,194g
7704,194g
7767,194g
7784,194g
7703,194g
7698,194g
7725,194g
7738,194g
7733,194g
7693,194g
7717,194g
7677,194g
7728,194g
7685,194g
7591,194g
7570,194g
7647,194g
7655,194g
7675,194g
7729,194g
7753,194g
7682,194g
7636,194g
7637,194g
7641,194g
7685,194g
7550,194g
7526,194g
7684,194g
7744,194g
7807,194g
7715,194g
7559,194g
7618,194g
7530,194g
7717,194g
7720,194g
7688,194g
7644,194g
7750,194g
7722,194g
7682,194g
7725,194g
7727,194g
7647,194g
7575,194g
7543,194g
7668,194g
7681,194g
7681,194g
7546,194g
7682,194g
7743,194g
7689,194g
7635,194g
7596,194g
7588,194g
7638,194g
7574,194g
7678,194g
7691,194g
7644,194g
7693,194g
7732,194g
7775,194g
7739,194g
7718,194g
7647,194g
7605,194g
7619,194g
7602,194g
7597,194g
7591,194g
7607,194g
7659,194g
7748,194g
7680,194g
7634,194g
7620,194g
7686,194g
7725,194g
7764,194g
7712,194g
7780,194g
7711,194g
7704,194g
7763,194g
7679,194g
7662,194g
7649,194g
7660,194g
7647,194g
7728,194g
7716,194g
7719,194g
7689,194g
7666,194g
7655,194g
7668,194g
7714,194g
7779,194g
7793,194g
7805,194g
7667,194g
7686,194g
7736,194g
7675,194g
7672,194g
7696,194g
7728,194g
7754,194g
7678,194g
7633,194g
7631,194g
7659,194g
7800,194g
7709,194g
7743,194g
7755,194g
7690,194g
7685,194g
7650,194g
7636,194g
7519,194g
7591,194g
7603,194g
7637,194g
7638,194g
7665,194g
7585,194g
7584,194g
7655,194g
7612,194g
7551,194g
7605,194g
7606,194g
7633,194g
7672,194g
7680,194g
7656,194g
7526,194g
7517,194g
7557,194g
7623,194g
7594,194g
7626,194g
7663,194g
7573,194g
7556,194g
7588,194g
7617,194g
7618,194g
7604,194g
7610,194g
7691,194g
7657,194g
7613,194g
7632,194g
7645,194g
7594,194g
7579,194g
7638,194g
7592,194g
7607,194g
7630,194g
7636,194g
7618,194g
7577,194g
7584,194g
7628,194g
7570,194g
7578,194g
7650,194g
7573,194g
7583,194g
7567,194g
7516,194g
7508,194g
7531,194g
7660,194g
7596,194g
7545,194g
7530,194g
7541,194g
7471,194g
7528,194g
7564,194g
7644,194g
7688,194g
7619,194g
7571,194g
7531,194g
7541,194g
7522,194g
7578,194g
7622,194g
7657,194g
7579,194g
7653,194g
7570,194g
7487,194g
7583,194g
7496,194g
7416,194g
7499,194g
7585,194g
7589,194g
7492,194g
7427,194g
7570,194g
7657,194g
7611,194g
7483,194g
7504,194g
7587,194g
7639,194g
7546,194g
7547,194g
7431,194g
7471,194g
7585,194g
7539,194g
7552,194g
7519,194g
7476,194g
7548,194g
7623,194g
7531,194g
7467,194g
7552,194g
7583,194g
7685,194g
7641,194g
7545,194g
7511,194g
7453,194g
7522,194g
7557,194g
7553,194g
7568,194g
7552,194g
7434,194g
7441,194g
7475,194g
7524,194g
7549,194g
7580,194g
7541,194g
7534,194g
7495,194g
7528,194g
7557,194g
7598,194g
7581,194g
7511,194g
7549,194g
7593,194g
7595,194g
7526,194g
7492,194g
7511,194g
7524,194g
7583,194g
7592,194g
7582,194g
7519,194g
7519,194g
7473,194g
7465,194g
7549,194g
7551,194g
7513,194g
7528,194g
7568,194g
7556,194g
7635,194g
7699,194g
7603,194g
7553,194g
7628,194g
7637,194g
7585,194g
7566,194g
7507,194g
7507,194g
7430,194g
7518,194g
7449,194g
7421,194g
7483,194g
7409,194g
7426,194g
7484,194g
7551,194g
7492,194g
7501,194g
7574,194g
7482,194g
7460,194g
7559,194g
7610,194g
7580,194g
7492,194g
7482,194g
7418,194g
7506,194g
7652,194g
7622,194g
7488,194g
7481,194g
7566,194g
7518,194g
7423,194g
7477,194g
7477,194g
7516,194g
7477,194g
7414,194g
7470,194g
7465,194g
7523,194g
7448,194g
7489,194g
7584,194g
7573,194g
7505,194g
7482,194g
7451,194g
7548,194g
7541,194g
7518,194g
7517,194g
7544,194g
7544,194g
7368,194g
7437,194g
7522,194g
7429,194g
7443,194g
7452,194g
7465,194g
7455,194g
7446,194g
7498,194g
7504,194g
7544,194g
7501,194g
7497,194g
7437,194g
7430,194g
7398,194g
7418,194g
7381,194g
7464,194g
7466,194g
7425,194g
7375,194g
7378,194g
7376,194g
7352,194g
7492,194g
7513,194g
7507,194g
7427,194g
7355,194g
7342,194g
7315,194g
7399,194g
7381,194g
7438,194g
7423,194g
7417,194g
7485,194g
7311,194g
7369,194g
7348,194g
7434,194g
7418,194g
7319,194g
7298,194g
7282,194g
7325,194g
7375,194g
7315,194g
7316,194g
7335,194g
7376,194g
7275,194g
7252,194g
7306,194g
7342,194g
7317,194g
7339,194g
7325,194g
7253,194g
7289,194g
7338,194g
7306,194g
7253,194g
7369,194g
7396,194g
7360,194g
7296,194g
7263,194g
7311,194g
7241,194g
7232,194g
7299,194g
7233,194g
7362,194g
7319,194g
7232,194g
7315,194g
7259,194g
7274,194g
7319,194g
7230,194g
7188,194g
7173,194g
7201,194g
7259,194g
7207,194g
7216,194g
7244,194g
7235,194g
7281,194g
7227,194g
7172,194g
7272,194g
7293,194g
7297,194g
7367,194g
7445,194g
7345,194g
7323,194g
7318,194g
7235,194g
7176,194g
7238,194g
7360,194g
7236,194g
7252,194g
7275,194g
7296,194g
7373,194g
7309,194g
7270,194g
7297,194g
7343,194g
7238,194g
7198,194g
7310,194g
7300,194g
7295,194g
7293,194g
7293,194g
7242,194g
7206,194g
7310,194g
7320,194g
7255,194g
7269,194g
7344,194g
7286,194g
7251,194g
7297,194g
7296,194g
7238,194g
7212,194g
7366,194g
7386,194g
7304,194g
7320,194g
7391,194g
7320,194g
7300,194g
7330,194g
7314,194g
7292,194g
7285,194g
7295,194g
7234,194g
7235,194g
7276,194g
7325,194g
7339,194g
7180,194g
7294,194g
7273,194g
7308,194g
7205,194g
7222,194g
7204,194g
7183,194g
7289,194g
7239,194g
7245,194g
7302,194g
7171,194g
7246,194g
7214,194g
7257,194g
7223,194g
7202,194g
7335,194g
7355,194g
7351,194g
7343,194g
7271,194g
7269,194g
7289,194g
7264,194g
7266,194g
7213,194g
7261,194g
7310,194g
7290,194g
7249,194g
7244,194g
7248,194g
7246,194g
7174,194g
7151,194g
7267,194g
7305,194g
7271,194g
7228,194g
7437,194g
7467,194g
7366,194g
7327,194g
7361,194g
7300,194g
7165,194g
7321,194g
7335,194g
7418,194g
7435,194g
7457,194g
7478,194g
7443,194g
7432,194g
7354,194g
7353,194g
7371,194g
7395,194g
7380,194g
7219,194g
7262,194g
7328,194g
7299,194g
7350,194g
7329,194g
7265,194g
7278,194g
7302,194g
7325,194g
7399,194g
7432,194g
7313,194g
7325,194g
7347,194g
7310,194g
7360,194g
7340,194g
7254,194g
7277,194g
7333,194g
7380,194g
7194,194g
7268,194g
7384,194g
7365,194g
7346,194g
7397,194g
7273,194g
7341,194g
7423,194g
7292,194g
7283,194g
7458,194g
7387,194g
7321,194g
7274,194g
7178,194g
7235,194g
7343,194g
7336,194g
7390,194g
7435,194g
7445,194g
7385,194g
7354,194g
7384,194g
7375,194g
7426,194g
7494,194g
7411,194g
7396,194g
7417,194g
7494,194g
7383,194g
7406,194g
7459,194g
7407,194g
7378,194g
7436,194g
7408,194g
7413,194g
7363,194g
7395,194g
7386,194g
7395,194g
7418,194g
7419,194g
7461,194g
7413,194g
7376,194g
7381,194g
7355,194g
7485,194g
7437,194g
7481,194g
7509,194g
7437,194g
7370,194g
7436,194g
7397,194g
7388,194g
7438,194g
7420,194g
7434,194g
7498,194g
7455,194g
7454,194g
7473,194g
7382,194g
7427,194g
7527,194g
7467,194g
7400,194g
7481,194g
7502,194g
7448,194g
7407,194g
7392,194g
7437,194g
7434,194g
7514,194g
7549,194g
7525,194g
7508,194g
7497,194g
7430,194g
7432,194g
7413,194g
7470,194g
7483,194g
7452,194g
7458,194g
7450,194g
7557,194g
7559,194g
7479,194g
7437,194g
7432,194g
7431,194g
7488,194g
7444,194g
7396,194g
7451,194g
7507,194g
7498,194g
7446,194g
7380,194g
7425,194g
7495,194g
7434,194g
7514,194g
7488,194g
7393,194g
7458,194g
7459,194g
7333,194g
7357,194g
7447,194g
7460,194g
7446,194g
7548,194g
7425,194g
7333,194g
7374,194g
7484,194g
7475,194g
7374,194g
7424,194g
7497,194g
7406,194g
7372,194g
7484,194g
7448,194g
7441,194g
7513,194g
7420,194g
7322,194g
7442,194g
7427,194g
7499,194g
7496,194g
7400,194g
7293,194g
7325,194g
7413,194g
7407,194g
7379,194g
7263,194g
7248,194g
7255,194g
7344,194g
7363,194g
7282,194g
7350,194g
7395,194g
7424,194g
7472,194g
7426,194g
7457,194g
7395,194g
7447,194g
7482,194g
7340,194g
7325,194g
7314,194g
7274,194g
7329,194g
7387,194g
7504,194g
7402,194g
7316,194g
7314,194g
7310,194g
7322,194g
7252,194g
7337,194g
7441,194g
7348,194g
7367,194g
7408,194g
7377,194g
7386,194g
7416,194g
7448,194g
7441,194g
7309,194g
7295,194g
7327,194g
7337,194g
7283,194g
7341,194g
7404,194g
7363,194g
7282,194g
7294,194g
7337,194g
7322,194g
7254,194g
7351,194g
7346,194g
7354,194g
7361,194g
7313,194g
7416,194g
7405,194g
7335,194g
7366,194g
7399,194g
7394,194g
7401,194g
7317,194g
7325,194g
7416,194g
7347,194g
7329,194g
7235,194g
7206,194g
7278,194g
7300,194g
7386,194g
7294,194g
7197,194g
7240,194g
7305,194g
7287,194g
7314,194g
7324,194g
7417,194g
7355,194g
7239,194g
7333,194g
7341,194g
7279,194g
7312,194g
7333,194g
7339,194g
7387,194g
7398,194g
7363,194g
7420,194g
7474,194g
7397,194g
7290,194g
7232,194g
7260,194g
7309,194g
7319,194g
7433,194g
7457,194g
7448,194g
7293,194g
7522,194g
7412,194g
7226,194g
7325,194g
7403,194g
7277,194g
7251,194g
7322,194g
7366,194g
7385,194g
7350,194g
7280,194g
7235,194g
7220,194g
7290,194g
7319,194g
7292,194g
7309,194g
7323,194g
7259,194g
7278,194g
7361,194g
7361,194g
7291,194g
7349,194g
7377,194g
7257,194g
7340,194g
7428,194g
7405,194g
7358,194g
7363,194g
7287,194g
7321,194g
7366,194g
7338,194g
7269,194g
7318,194g
7450,194g
7439,194g
7395,194g
7378,194g
7414,194g
7439,194g
7364,194g
7373,194g
7285,194g
7236,194g
7283,194g
7443,194g
7368,194g
7392,194g
7356,194g
7448,194g
7354,194g
7343,194g
7289,194g
7385,194g
7402,194g
7232,194g
7231,194g
7239,194g
7259,194g
7407,194g
7412,194g
7233,194g
7334,194g
7471,194g
7419,194g
7323,194g
7210,194g
7308,194g
7283,194g
7354,194g
7358,194g
7221,194g
7262,194g
7330,194g
7437,194g
7339,194g
7314,194g
7393,194g
7434,194g
7381,194g
7354,194g
7356,194g
7251,194g
7120,194g
7274,194g
7340,194g
7299,194g
7252,194g
7324,194g
7302,194g
7384,194g
7391,194g
7352,194g
7227,194g
7413,194g
7534,194g
7396,194g
7410,194g
7353,194g
7211,194g
7158,194g
7305,194g
7312,194g
7289,194g
7297,194g
7261,194g
7290,194g
7316,194g
7279,194g
7335,194g
7349,194g
7390,194g
7429,194g
7338,194g
7295,194g
7210,194g
7306,194g
7322,194g
7414,194g
7417,194g
7444,194g
7394,194g
7287,194g
7297,194g
7332,194g
7330,194g
7374,194g
7520,194g
7495,194g
7504,194g
7381,194g
7328,194g
7358,194g
7374,194g
7506,194g
7505,194g
7501,194g
7440,194g
7582,194g
7401,194g
7434,194g
7346,194g
7343,194g
7368,194g
7344,194g
7370,194g
7357,194g
7306,194g
7302,194g
7356,194g
7358,194g
7301,194g
7298,194g
7320,194g
7324,194g
7291,194g
7307,194g
7413,194g
7497,194g
7459,194g
7455,194g
7517,194g
7493,194g
7440,194g
7308,194g
7416,194g
7457,194g
7329,194g
7373,194g
7439,194g
7448,194g
7432,194g
7414,194g
7509,194g
7322,194g
7404,194g
7511,194g
7500,194g
7471,194g
7478,194g
7447,194g
7310,194g
7352,194g
7452,194g
7443,194g
7364,194g
7340,194g
7348,194g
7444,194g
7316,194g
7451,194g
7375,194g
7409,194g
7468,194g
7419,194g
7350,194g
7390,194g
7412,194g
7353,194g
7381,194g
7312,194g
7354,194g
7372,194g
7454,194g
7430,194g
7343,194g
7297,194g
7414,194g
7495,194g
7433,194g
7445,194g
7361,194g
7395,194g
7379,194g
7390,194g
7434,194g
7454,194g
7498,194g
7506,194g
7414,194g
7416,194g
7321,194g
7333,194g
7427,194g
7402,194g
7369,194g
7343,194g
7372,194g
7398,194g
7374,194g
7421,194g
7445,194g
7387,194g
7337,194g
7379,194g
7406,194g
7305,194g
7349,194g
7435,194g
7357,194g
7312,194g
7370,194g
7487,194g
7420,194g
7420,194g
7434,194g
7432,194g
7406,194g
7410,194g
7405,194g
7379,194g
7416,194g
7455,194g
7513,194g
7329,194g
7360,194g
7374,194g
7416,194g
7411,194g
7429,194g
7568,194g
7456,194g
7321,194g
