Redmi9A, 196g
7680,196g
7756,196g
7780,196g
7799,196g
7790,196g
7726,196g
7671,196g
7668,196g
7767,196g
7802,196g
7742,196g
7667,196g
7672,196g
7735,196g
7823,196g
7834,196g
7707,196g
7683,196g
7816,196g
7782,196g
7735,196g
7837,196g
7763,196g
7815,196g
7818,196g
7881,196g
7908,196g
7798,196g
7838,196g
7886,196g
7875,196g
7922,196g
7910,196g
7861,196g
7892,196g
7809,196g
7830,196g
8011,196g
7960,196g
7862,196g
7824,196g
7903,196g
7970,196g
7918,196g
7922,196g
7902,196g
7889,196g
7923,196g
7967,196g
7852,196g
7890,196g
7944,196g
7931,196g
7855,196g
7991,196g
7950,196g
7865,196g
7988,196g
8092,196g
7940,196g
7858,196g
7890,196g
7935,196g
7984,196g
8049,196g
7972,196g
7894,196g
7738,196g
7662,196g
7749,196g
7916,196g
7809,196g
7880,196g
7946,196g
7971,196g
7901,196g
7962,196g
7817,196g
7808,196g
7914,196g
7890,196g
7952,196g
7861,196g
7842,196g
7995,196g
8099,196g
7996,196g
7867,196g
7816,196g
7971,196g
8026,196g
7936,196g
7851,196g
7904,196g
8030,196g
8047,196g
7942,196g
7904,196g
8078,196g
8070,196g
8054,196g
8062,196g
8058,196g
8008,196g
7857,196g
7677,196g
7796,196g
7819,196g
7799,196g
7734,196g
7778,196g
7852,196g
7861,196g
7836,196g
7791,196g
7793,196g
7788,196g
7851,196g
7947,196g
7912,196g
7791,196g
7878,196g
7798,196g
7847,196g
7932,196g
7875,196g
7883,196g
7892,196g
7903,196g
7874,196g
7890,196g
7810,196g
7890,196g
7971,196g
7944,196g
7943,196g
7954,196g
7921,196g
7898,196g
7823,196g
7824,196g
7902,196g
7915,196g
7868,196g
7898,196g
7909,196g
7913,196g
7942,196g
7915,196g
7887,196g
7887,196g
7880,196g
7849,196g
7959,196g
7900,196g
7857,196g
7948,196g
7980,196g
7934,196g
7900,196g
7795,196g
7776,196g
7859,196g
7996,196g
7905,196g
7779,196g
7856,196g
7919,196g
7961,196g
7887,196g
7709,196g
7717,196g
7784,196g
7799,196g
7825,196g
7870,196g
7918,196g
7947,196g
7871,196g
7873,196g
7810,196g
7832,196g
7851,196g
7834,196g
8016,196g
7936,196g
7860,196g
7856,196g
7853,196g
7889,196g
7958,196g
7878,196g
7881,196g
7990,196g
7913,196g
7877,196g
7871,196g
7986,196g
8001,196g
7931,196g
7881,196g
7971,196g
8027,196g
8024,196g
7967,196g
7908,196g
7907,196g
7865,196g
8067,196g
8081,196g
8008,196g
7975,196g
7910,196g
7931,196g
7948,196g
7992,196g
8059,196g
8101,196g
8052,196g
7992,196g
7970,196g
7999,196g
7989,196g
7962,196g
8000,196g
7965,196g
8060,196g
8097,196g
8021,196g
7962,196g
8063,196g
8082,196g
8020,196g
7986,196g
7975,196g
8021,196g
8060,196g
8030,196g
8055,196g
8109,196g
8027,196g
7947,196g
7956,196g
8012,196g
8013,196g
7993,196g
8128,196g
8030,196g
8054,196g
8167,196g
8081,196g
8084,196g
8068,196g
8154,196g
8209,196g
8083,196g
8024,196g
8113,196g
8102,196g
7983,196g
8006,196g
8017,196g
8016,196g
7993,196g
8100,196g
8046,196g
8008,196g
8026,196g
8105,196g
8086,196g
8144,196g
8151,196g
8120,196g
8124,196g
8100,196g
8149,196g
8151,196g
8182,196g
8290,196g
8194,196g
8113,196g
8191,196g
8171,196g
8092,196g
8165,196g
8178,196g
8256,196g
8170,196g
8092,196g
8148,196g
8173,196g
8086,196g
8155,196g
8266,196g
8245,196g
8113,196g
8129,196g
8192,196g
8067,196g
7926,196g
8298,196g
8300,196g
8199,196g
8290,196g
8347,196g
8307,196g
8315,196g
8192,196g
8173,196g
8267,196g
8282,196g
8161,196g
8237,196g
8213,196g
8253,196g
8295,196g
8403,196g
8373,196g
8240,196g
8187,196g
8323,196g
8405,196g
8365,196g
8333,196g
8366,196g
8370,196g
8310,196g
8326,196g
8304,196g
8310,196g
8277,196g
8321,196g
8387,196g
8367,196g
8222,196g
8238,196g
8260,196g
8352,196g
8390,196g
8348,196g
8201,196g
8243,196g
8226,196g
8275,196g
8286,196g
8298,196g
8303,196g
8243,196g
8288,196g
8374,196g
8357,196g
8356,196g
8358,196g
8360,196g
8408,196g
8295,196g
8334,196g
8313,196g
8354,196g
8354,196g
8333,196g
8300,196g
8344,196g
8404,196g
8341,196g
8313,196g
8272,196g
8249,196g
8299,196g
8373,196g
8348,196g
8442,196g
8437,196g
8377,196g
8420,196g
8365,196g
8351,196g
8377,196g
8369,196g
8384,196g
8414,196g
8407,196g
8382,196g
8360,196g
8389,196g
8387,196g
8379,196g
8422,196g
8382,196g
8386,196g
8340,196g
8394,196g
8389,196g
8475,196g
8445,196g
8413,196g
8431,196g
8450,196g
8418,196g
8409,196g
8382,196g
8347,196g
8264,196g
8162,196g
8293,196g
8273,196g
8363,196g
8487,196g
8413,196g
8395,196g
8378,196g
8363,196g
8322,196g
8353,196g
8301,196g
8325,196g
8350,196g
8441,196g
8432,196g
8409,196g
8450,196g
8457,196g
8399,196g
8404,196g
8397,196g
8413,196g
8424,196g
8389,196g
8468,196g
8486,196g
8422,196g
8346,196g
8295,196g
8315,196g
8350,196g
8327,196g
8429,196g
8429,196g
8387,196g
8489,196g
8463,196g
8422,196g
8542,196g
8470,196g
8477,196g
8494,196g
8497,196g
8474,196g
8483,196g
8488,196g
8443,196g
8449,196g
8475,196g
8472,196g
8469,196g
8491,196g
8455,196g
8403,196g
8443,196g
8467,196g
8496,196g
8483,196g
8511,196g
8508,196g
8509,196g
8555,196g
8570,196g
8545,196g
8511,196g
8552,196g
8445,196g
8486,196g
8502,196g
8490,196g
8461,196g
8443,196g
8430,196g
8493,196g
8666,196g
8654,196g
8534,196g
8531,196g
8467,196g
8459,196g
8602,196g
8610,196g
8547,196g
8482,196g
8546,196g
8541,196g
8430,196g
8464,196g
8421,196g
8384,196g
8442,196g
8448,196g
8474,196g
8454,196g
8464,196g
8527,196g
8523,196g
8556,196g
8597,196g
8463,196g
8516,196g
8582,196g
8583,196g
8468,196g
8359,196g
8411,196g
8452,196g
8380,196g
8513,196g
8440,196g
8356,196g
8463,196g
8510,196g
8459,196g
8521,196g
8529,196g
8434,196g
8397,196g
8511,196g
8559,196g
8422,196g
8442,196g
8543,196g
8466,196g
8466,196g
8339,196g
8354,196g
8384,196g
8419,196g
8313,196g
8349,196g
8394,196g
8354,196g
8334,196g
8310,196g
8324,196g
8365,196g
8377,196g
8454,196g
8344,196g
8262,196g
8293,196g
8283,196g
8262,196g
8203,196g
8330,196g
8435,196g
8392,196g
8303,196g
8329,196g
8335,196g
8359,196g
8302,196g
8242,196g
8277,196g
8188,196g
8235,196g
8263,196g
8290,196g
8328,196g
8275,196g
8217,196g
8214,196g
8225,196g
8207,196g
8230,196g
8262,196g
8262,196g
8212,196g
8247,196g
8319,196g
8294,196g
8289,196g
8247,196g
8268,196g
8246,196g
8194,196g
8319,196g
8287,196g
8204,196g
8215,196g
8267,196g
8276,196g
8273,196g
8249,196g
8293,196g
8264,196g
8210,196g
8241,196g
8208,196g
8197,196g
8279,196g
8302,196g
8256,196g
8191,196g
8301,196g
8280,196g
8248,196g
8255,196g
8211,196g
8239,196g
8294,196g
8277,196g
8356,196g
8342,196g
8277,196g
8313,196g
8318,196g
8225,196g
8184,196g
8315,196g
8300,196g
8180,196g
8157,196g
8160,196g
8159,196g
8280,196g
8405,196g
8307,196g
8229,196g
8235,196g
8294,196g
8433,196g
8328,196g
8285,196g
8273,196g
8216,196g
8277,196g
8246,196g
8172,196g
8203,196g
8267,196g
8341,196g
8321,196g
8250,196g
8244,196g
8237,196g
8354,196g
8292,196g
8268,196g
8241,196g
8197,196g
8261,196g
8308,196g
8334,196g
8273,196g
8390,196g
8322,196g
8348,196g
8443,196g
8353,196g
8343,196g
8407,196g
8329,196g
8274,196g
8213,196g
8289,196g
8358,196g
8338,196g
8337,196g
8347,196g
8302,196g
8308,196g
8291,196g
8234,196g
8286,196g
8334,196g
8388,196g
8321,196g
8240,196g
8232,196g
8352,196g
8369,196g
8337,196g
8432,196g
8416,196g
8405,196g
8336,196g
8378,196g
8451,196g
8360,196g
8325,196g
8358,196g
8370,196g
8394,196g
8329,196g
8222,196g
8265,196g
8388,196g
8342,196g
8377,196g
8432,196g
8393,196g
8339,196g
8260,196g
8326,196g
8389,196g
8417,196g
8310,196g
8355,196g
8418,196g
8400,196g
8387,196g
8386,196g
8446,196g
8513,196g
8366,196g
8330,196g
8385,196g
8359,196g
8372,196g
8439,196g
8405,196g
8452,196g
8384,196g
8375,196g
8465,196g
8446,196g
8525,196g
8535,196g
8513,196g
8390,196g
8495,196g
8568,196g
8472,196g
8465,196g
8475,196g
8427,196g
8461,196g
8499,196g
8545,196g
8510,196g
8517,196g
8623,196g
8605,196g
8527,196g
8643,196g
8540,196g
8513,196g
8502,196g
8496,196g
8572,196g
8544,196g
8454,196g
8455,196g
8439,196g
8541,196g
8580,196g
8625,196g
8568,196g
8568,196g
8550,196g
8491,196g
8632,196g
8583,196g
8561,196g
8612,196g
8584,196g
8631,196g
8542,196g
8492,196g
8500,196g
8468,196g
8481,196g
8601,196g
8721,196g
8604,196g
8490,196g
8533,196g
8576,196g
8559,196g
8483,196g
8508,196g
8525,196g
8620,196g
8557,196g
8546,196g
8560,196g
8611,196g
8572,196g
8572,196g
8686,196g
8688,196g
8545,196g
8656,196g
8584,196g
8593,196g
8655,196g
8623,196g
8637,196g
8625,196g
8573,196g
8566,196g
8635,196g
8597,196g
8675,196g
8623,196g
8498,196g
8502,196g
8597,196g
8585,196g
8561,196g
8598,196g
8535,196g
8610,196g
8632,196g
8660,196g
8647,196g
8663,196g
8633,196g
8619,196g
8593,196g
8619,196g
8750,196g
8693,196g
8710,196g
8745,196g
8664,196g
8633,196g
8586,196g
8585,196g
8615,196g
8606,196g
8623,196g
8678,196g
8690,196g
8622,196g
8667,196g
8639,196g
8590,196g
8510,196g
8615,196g
8696,196g
8690,196g
8657,196g
8690,196g
8723,196g
8644,196g
8633,196g
8644,196g
8658,196g
8647,196g
8689,196g
8650,196g
8654,196g
8662,196g
8622,196g
8667,196g
8717,196g
8711,196g
8724,196g
8740,196g
8738,196g
8773,196g
8768,196g
8657,196g
8673,196g
8682,196g
8665,196g
8772,196g
8685,196g
8654,196g
8678,196g
8775,196g
8723,196g
8635,196g
8697,196g
8708,196g
8667,196g
8683,196g
8754,196g
8641,196g
8713,196g
8753,196g
8783,196g
8732,196g
8661,196g
8636,196g
8715,196g
8760,196g
8719,196g
8612,196g
8569,196g
8650,196g
8771,196g
8814,196g
8725,196g
8641,196g
8655,196g
8725,196g
8781,196g
8858,196g
8863,196g
8759,196g
8706,196g
8743,196g
8740,196g
8775,196g
8761,196g
8585,196g
8633,196g
8675,196g
8693,196g
8719,196g
8758,196g
8781,196g
8640,196g
8586,196g
8596,196g
8614,196g
8675,196g
8683,196g
8732,196g
8650,196g
8706,196g
8668,196g
8700,196g
8731,196g
8690,196g
8673,196g
8735,196g
8747,196g
8682,196g
8788,196g
8640,196g
8602,196g
8601,196g
8641,196g
8681,196g
8707,196g
8693,196g
8660,196g
8611,196g
8632,196g
8533,196g
8560,196g
8568,196g
8596,196g
8564,196g
8534,196g
8643,196g
8645,196g
8486,196g
8502,196g
8515,196g
8572,196g
8674,196g
8595,196g
8472,196g
8581,196g
8632,196g
8585,196g
8523,196g
8472,196g
8526,196g
8551,196g
8593,196g
8518,196g
8566,196g
8458,196g
8479,196g
8450,196g
8518,196g
8578,196g
8578,196g
8602,196g
8534,196g
8580,196g
8547,196g
8584,196g
8598,196g
8528,196g
8501,196g
8533,196g
8527,196g
8515,196g
8474,196g
8439,196g
8488,196g
8532,196g
8534,196g
8561,196g
8476,196g
8382,196g
8456,196g
8435,196g
8434,196g
8523,196g
8610,196g
8496,196g
8458,196g
8443,196g
8487,196g
8553,196g
8384,196g
8431,196g
8474,196g
8420,196g
8416,196g
8348,196g
8435,196g
8472,196g
8462,196g
8435,196g
8419,196g
8340,196g
8415,196g
8451,196g
8437,196g
8506,196g
8442,196g
8433,196g
8471,196g
8450,196g
8388,196g
8343,196g
8303,196g
8247,196g
8370,196g
8487,196g
8494,196g
8463,196g
8483,196g
8453,196g
8343,196g
8385,196g
8416,196g
8370,196g
8415,196g
8523,196g
8468,196g
8497,196g
8534,196g
8308,196g
8259,196g
8463,196g
8466,196g
8463,196g
8430,196g
8397,196g
8465,196g
8364,196g
8406,196g
8442,196g
8434,196g
8416,196g
8422,196g
8492,196g
8417,196g
8387,196g
8302,196g
8357,196g
8357,196g
8537,196g
8469,196g
8445,196g
8350,196g
8398,196g
8398,196g
8411,196g
8340,196g
8331,196g
8431,196g
8332,196g
8419,196g
8468,196g
8499,196g
8385,196g
8366,196g
8397,196g
8424,196g
8443,196g
8565,196g
8619,196g
8586,196g
8592,196g
8558,196g
8483,196g
8500,196g
8495,196g
8478,196g
8489,196g
8491,196g
8520,196g
8516,196g
8416,196g
8453,196g
8446,196g
8402,196g
8462,196g
8474,196g
8391,196g
8345,196g
8515,196g
8515,196g
8497,196g
8646,196g
8394,196g
8354,196g
8470,196g
8559,196g
8526,196g
8366,196g
8390,196g
8445,196g
8425,196g
8349,196g
8373,196g
8447,196g
8513,196g
8453,196g
8497,196g
8505,196g
8497,196g
8539,196g
8491,196g
8431,196g
8393,196g
8464,196g
8534,196g
8532,196g
8470,196g
8501,196g
8541,196g
8403,196g
8398,196g
8587,196g
8587,196g
8648,196g
8542,196g
8492,196g
8471,196g
8463,196g
8492,196g
8373,196g
8379,196g
8495,196g
8482,196g
8584,196g
8551,196g
8551,196g
8431,196g
8499,196g
8591,196g
8537,196g
8459,196g
8507,196g
8583,196g
8547,196g
8550,196g
8500,196g
8483,196g
8500,196g
8514,196g
8406,196g
8431,196g
8541,196g
8562,196g
8428,196g
8592,196g
8558,196g
8472,196g
8477,196g
8525,196g
8468,196g
8424,196g
8508,196g
8525,196g
8504,196g
8489,196g
8421,196g
8402,196g
8481,196g
8536,196g
8456,196g
8426,196g
8370,196g
8409,196g
8393,196g
8454,196g
8382,196g
8389,196g
8439,196g
8369,196g
8277,196g
8303,196g
8347,196g
8407,196g
8415,196g
8566,196g
8536,196g
8463,196g
8418,196g
8313,196g
8294,196g
8332,196g
8370,196g
8317,196g
8375,196g
8417,196g
8389,196g
8333,196g
8318,196g
8383,196g
8404,196g
8459,196g
8413,196g
8358,196g
8355,196g
8408,196g
8431,196g
8477,196g
8431,196g
8466,196g
8387,196g
8340,196g
8344,196g
8386,196g
8419,196g
8398,196g
8195,196g
8199,196g
8275,196g
8322,196g
8355,196g
8472,196g
8319,196g
8258,196g
8251,196g
8200,196g
8190,196g
8170,196g
8187,196g
8244,196g
8281,196g
8211,196g
8234,196g
8263,196g
8298,196g
8277,196g
8239,196g
8181,196g
8213,196g
8246,196g
8278,196g
8273,196g
8201,196g
8163,196g
8148,196g
8172,196g
8176,196g
8114,196g
8159,196g
8204,196g
8101,196g
8194,196g
8188,196g
8176,196g
8187,196g
8124,196g
8168,196g
8213,196g
8138,196g
8266,196g
8287,196g
8270,196g
8240,196g
8136,196g
8108,196g
8218,196g
8143,196g
8140,196g
8148,196g
8088,196g
8079,196g
8196,196g
8154,196g
8160,196g
8109,196g
8107,196g
8025,196g
8104,196g
8086,196g
8035,196g
8017,196g
8046,196g
8116,196g
8184,196g
8132,196g
8045,196g
8072,196g
8132,196g
8053,196g
8156,196g
8192,196g
8162,196g
8156,196g
8111,196g
8184,196g
8107,196g
8112,196g
8104,196g
8088,196g
8122,196g
8104,196g
8014,196g
8028,196g
8091,196g
8049,196g
7996,196g
8008,196g
7985,196g
8007,196g
8089,196g
8113,196g
8110,196g
8176,196g
8113,196g
8126,196g
8119,196g
8176,196g
8149,196g
8086,196g
8164,196g
8116,196g
8109,196g
8099,196g
8042,196g
7975,196g
7945,196g
7959,196g
7993,196g
8026,196g
8052,196g
7987,196g
7966,196g
8000,196g
8030,196g
7993,196g
8016,196g
8056,196g
8023,196g
7995,196g
8055,196g
8032,196g
7954,196g
7957,196g
8057,196g
8078,196g
7985,196g
8019,196g
8058,196g
8084,196g
8023,196g
7988,196g
7994,196g
8115,196g
8129,196g
8163,196g
8022,196g
7959,196g
7969,196g
7970,196g
7966,196g
8096,196g
8030,196g
7972,196g
7970,196g
8009,196g
7970,196g
8002,196g
8007,196g
8068,196g
8119,196g
8046,196g
8043,196g
8063,196g
8010,196g
8077,196g
7993,196g
7975,196g
8053,196g
8053,196g
8012,196g
8040,196g
7988,196g
8053,196g
8080,196g
8057,196g
8129,196g
8094,196g
8073,196g
7978,196g
7960,196g
7972,196g
7928,196g
7925,196g
7874,196g
7828,196g
7945,196g
7979,196g
7972,196g
7985,196g
7928,196g
8044,196g
8010,196g
7934,196g
7940,196g
7965,196g
7960,196g
7811,196g
7802,196g
7944,196g
7998,196g
8032,196g
8030,196g
8029,196g
7983,196g
7965,196g
7997,196g
8016,196g
7891,196g
7968,196g
8006,196g
8018,196g
7923,196g
7977,196g
8088,196g
7988,196g
7999,196g
7995,196g
7943,196g
8036,196g
7956,196g
7936,196g
7975,196g
8024,196g
7889,196g
7797,196g
7877,196g
7816,196g
7822,196g
7882,196g
7863,196g
7892,196g
7844,196g
7892,196g
7925,196g
7857,196g
7910,196g
7949,196g
7943,196g
8006,196g
7989,196g
7901,196g
7798,196g
7794,196g
7962,196g
7911,196g
7804,196g
7755,196g
7828,196g
7865,196g
7919,196g
7969,196g
7856,196g
7801,196g
7779,196g
7685,196g
7725,196g
7704,196g
7802,196g
7793,196g
7749,196g
7846,196g
7807,196g
7873,196g
7868,196g
7789,196g
7869,196g
7876,196g
7761,196g
7804,196g
7818,196g
7878,196g
7810,196g
7671,196g
7695,196g
7739,196g
7686,196g
7690,196g
7640,196g
7711,196g
7771,196g
7683,196g
7692,196g
7759,196g
7766,196g
7714,196g
7764,196g
7791,196g
7824,196g
7736,196g
7715,196g
7748,196g
7739,196g
7719,196g
7785,196g
7872,196g
7653,196g
7726,196g
7792,196g
7814,196g
7806,196g
7752,196g
7761,196g
7775,196g
7731,196g
7648,196g
7673,196g
7773,196g
7797,196g
7803,196g
7911,196g
7889,196g
7794,196g
7849,196g
7769,196g
7722,196g
7777,196g
7791,196g
7858,196g
7938,196g
7946,196g
7844,196g
7810,196g
7740,196g
7799,196g
7813,196g
7801,196g
7650,196g
7695,196g
7813,196g
7773,196g
7918,196g
7825,196g
7704,196g
7657,196g
7819,196g
7947,196g
7860,196g
7820,196g
7828,196g
7782,196g
7768,196g
7848,196g
7756,196g
7741,196g
7808,196g
7928,196g
7989,196g
7939,196g
7921,196g
7854,196g
7710,196g
7741,196g
7811,196g
7883,196g
7887,196g
7831,196g
7861,196g
7869,196g
7820,196g
7847,196g
7857,196g
7958,196g
7951,196g
7940,196g
7930,196g
7908,196g
7938,196g
7949,196g
7937,196g
7888,196g
7944,196g
7948,196g
7921,196g
7913,196g
7833,196g
7894,196g
7909,196g
7855,196g
7916,196g
7911,196g
7915,196g
7935,196g
8008,196g
7971,196g
7837,196g
7840,196g
7893,196g
7964,196g
7941,196g
7903,196g
7906,196g
7847,196g
7777,196g
7906,196g
7954,196g
7916,196g
8017,196g
8035,196g
7947,196g
7896,196g
7839,196g
7989,196g
7886,196g
7841,196g
7888,196g
7978,196g
7949,196g
7903,196g
7937,196g
7994,196g
7941,196g
7945,196g
7888,196g
7863,196g
7947,196g
7964,196g
7865,196g
7863,196g
7937,196g
7904,196g
7980,196g
7969,196g
8020,196g
7887,196g
7822,196g
7835,196g
7863,196g
7859,196g
7932,196g
7958,196g
7956,196g
7885,196g
7875,196g
7897,196g
7864,196g
7947,196g
7863,196g
7838,196g
7902,196g
8011,196g
8096,196g
7929,196g
7904,196g
8008,196g
7961,196g
7872,196g
7827,196g
7945,196g
7908,196g
7893,196g
7879,196g
7975,196g
7869,196g
7911,196g
7832,196g
7878,196g
7924,196g
7910,196g
7888,196g
7847,196g
7958,196g
7986,196g
7881,196g
7945,196g
7862,196g
7879,196g
8010,196g
7939,196g
7886,196g
7926,196g
7975,196g
7990,196g
7985,196g
7877,196g
7834,196g
7927,196g
7924,196g
7909,196g
7932,196g
7970,196g
7978,196g
7902,196g
7867,196g
7952,196g
7893,196g
7838,196g
7837,196g
7838,196g
7932,196g
7865,196g
7940,196g
7969,196g
7896,196g
7873,196g
7945,196g
7968,196g
7885,196g
7883,196g
7905,196g
7832,196g
7826,196g
7832,196g
7838,196g
7850,196g
7823,196g
7836,196g
7843,196g
7877,196g
7902,196g
7794,196g
7784,196g
7826,196g
7768,196g
7770,196g
7812,196g
7795,196g
7859,196g
7936,196g
7896,196g
7793,196g
7780,196g
7806,196g
7776,196g
7801,196g
7828,196g
7792,196g
7745,196g
7713,196g
7662,196g
7607,196g
7665,196g
7725,196g
7706,196g
7687,196g
7729,196g
7708,196g
7655,196g
7600,196g
7661,196g
7712,196g
7734,196g
7711,196g
7723,196g
7696,196g
7755,196g
7845,196g
7750,196g
7793,196g
7738,196g
7639,196g
7636,196g
7644,196g
7683,196g
7689,196g
7710,196g
7765,196g
7760,196g
7709,196g
7667,196g
7615,196g
7628,196g
7653,196g
7700,196g
7721,196g
7686,196g
7617,196g
7671,196g
7633,196g
7644,196g
7694,196g
7717,196g
7782,196g
7829,196g
7752,196g
7706,196g
7711,196g
7743,196g
7779,196g
7789,196g
7723,196g
7743,196g
7697,196g
7689,196g
7707,196g
7678,196g
7740,196g
7769,196g
7675,196g
7649,196g
7612,196g
7516,196g
7557,196g
7607,196g
7625,196g
7599,196g
7511,196g
7584,196g
7635,196g
7580,196g
7590,196g
7562,196g
7596,196g
7595,196g
7567,196g
7684,196g
7669,196g
7706,196g
7632,196g
7610,196g
7544,196g
7474,196g
7532,196g
7650,196g
7623,196g
7530,196g
7607,196g
7561,196g
7640,196g
7655,196g
7620,196g
7628,196g
7688,196g
7650,196g
7615,196g
7607,196g
7666,196g
7683,196g
7608,196g
7593,196g
7521,196g
7535,196g
7575,196g
7628,196g
7561,196g
7608,196g
7550,196g
7491,196g
7558,196g
7614,196g
7705,196g
7628,196g
7560,196g
7584,196g
7652,196g
7632,196g
7664,196g
7700,196g
7710,196g
7654,196g
7604,196g
7559,196g
7603,196g
7669,196g
7648,196g
7678,196g
7661,196g
7567,196g
7534,196g
7605,196g
7717,196g
7566,196g
7513,196g
7602,196g
7689,196g
7639,196g
7581,196g
7599,196g
7744,196g
7645,196g
7610,196g
7640,196g
7550,196g
7653,196g
7656,196g
7677,196g
7653,196g
7634,196g
7687,196g
7669,196g
7667,196g
7732,196g
7646,196g
7597,196g
7581,196g
7653,196g
7668,196g
7666,196g
7576,196g
7473,196g
7486,196g
7517,196g
7533,196g
7518,196g
7488,196g
7531,196g
7502,196g
7461,196g
7524,196g
7581,196g
7393,196g
7514,196g
7575,196g
7590,196g
7563,196g
7604,196g
7539,196g
7462,196g
7454,196g
7536,196g
7591,196g
7449,196g
7462,196g
7500,196g
7518,196g
7444,196g
7440,196g
7513,196g
7576,196g
7538,196g
7505,196g
7625,196g
7533,196g
7574,196g
7561,196g
7483,196g
7510,196g
7517,196g
7543,196g
7574,196g
7619,196g
7561,196g
7607,196g
7634,196g
7583,196g
7620,196g
7717,196g
7661,196g
7596,196g
7594,196g
7646,196g
7488,196g
7548,196g
7742,196g
7735,196g
7730,196g
7668,196g
7676,196g
7717,196g
7764,196g
7664,196g
7730,196g
7757,196g
7706,196g
7753,196g
7751,196g
7743,196g
7673,196g
7615,196g
7694,196g
7795,196g
7762,196g
7730,196g
7653,196g
7650,196g
7704,196g
7793,196g
7726,196g
7648,196g
7805,196g
7911,196g
7778,196g
7782,196g
7857,196g
7760,196g
7794,196g
